TRUE,business_id,stars,RestaurantsTakeOut,HasTV,NoiseLevel,Alcohol,RestaurantsGoodForGroups,BusinessAcceptsCreditCards,Caters,RestaurantsAttire,BikeParking,GoodForKids,RestaurantsReservations,BusinessAcceptsBitcoin,WiFi,HappyHour,CoatCheck,RestaurantsDelivery,OutdoorSeating,WheelchairAccessible,RestaurantsTableService,ByAppointmentOnly,DogsAllowed,touristy,hipster,romantic,divey,intimate,trendy,upscale,classy,casual,breakfast,brunch,lunch,latenight,dessert,dj,live,jukebox,video,background_music,karaoke,no_music,garage,street,validated,lot,valet,TRUE
0,SZU9c8V2GuREDN5KgyHFJw,4,FALSE,FALSE,average,beer_and_wine,FALSE,TRUE,FALSE,casual,TRUE,FALSE,FALSE,FALSE,free,TRUE,FALSE,FALSE,FALSE,TRUE,TRUE,TRUE,TRUE,FALSE,TRUE,FALSE,TRUE,TRUE,FALSE,FALSE,TRUE,FALSE,FALSE,FALSE,TRUE,TRUE,FALSE,FALSE,FALSE,TRUE,TRUE,FALSE,TRUE,TRUE,FALSE,TRUE,FALSE,FALSE,FALSE,FALSE
1,4xhGQGdGqU60BIznBjqnuA,4,TRUE,FALSE,quiet,beer_and_wine,TRUE,TRUE,FALSE,casual,TRUE,FALSE,FALSE,FALSE,free,TRUE,FALSE,FALSE,TRUE,TRUE,TRUE,FALSE,TRUE,FALSE,TRUE,FALSE,FALSE,FALSE,FALSE,FALSE,FALSE,FALSE,TRUE,TRUE,FALSE,FALSE,FALSE,FALSE,TRUE,FALSE,TRUE,TRUE,TRUE,FALSE,FALSE,TRUE,FALSE,FALSE,FALSE,TRUE
2,ujBP1Dw0j1-Ffaz97-LXQ,4,TRUE,TRUE,average,full_bar,TRUE,TRUE,FALSE,casual,TRUE,TRUE,TRUE,FALSE,free,TRUE,FALSE,TRUE,TRUE,TRUE,TRUE,FALSE,TRUE,FALSE,FALSE,FALSE,FALSE,FALSE,TRUE,TRUE,TRUE,TRUE,FALSE,TRUE,TRUE,FALSE,TRUE,FALSE,FALSE,FALSE,FALSE,FALSE,FALSE,FALSE,FALSE,FALSE,FALSE,TRUE,FALSE,FALSE
3,MAIfD4kJDCydgoD1l2b_vw,4,TRUE,TRUE,average,full_bar,FALSE,TRUE,FALSE,dressy,TRUE,FALSE,FALSE,FALSE,no,TRUE,FALSE,TRUE,TRUE,FALSE,TRUE,FALSE,TRUE,FALSE,FALSE,FALSE,FALSE,FALSE,FALSE,FALSE,TRUE,TRUE,FALSE,FALSE,TRUE,FALSE,FALSE,FALSE,FALSE,FALSE,FALSE,FALSE,FALSE,FALSE,FALSE,TRUE,FALSE,TRUE,FALSE,TRUE
4,1FURjeGJi_LBXcJQg8eskw,4.5,TRUE,TRUE,average,beer_and_wine,TRUE,TRUE,FALSE,casual,TRUE,TRUE,FALSE,FALSE,no,FALSE,FALSE,TRUE,TRUE,TRUE,FALSE,FALSE,TRUE,FALSE,FALSE,FALSE,FALSE,FALSE,FALSE,FALSE,TRUE,TRUE,FALSE,FALSE,TRUE,FALSE,TRUE,FALSE,TRUE,TRUE,TRUE,TRUE,FALSE,TRUE,FALSE,TRUE,FALSE,TRUE,FALSE,TRUE
5,DD3TxygdxBxKh9gbjCuLDA,4.5,TRUE,TRUE,average,full_bar,TRUE,TRUE,FALSE,casual,TRUE,FALSE,TRUE,FALSE,no,TRUE,FALSE,TRUE,TRUE,TRUE,TRUE,FALSE,TRUE,FALSE,FALSE,FALSE,FALSE,FALSE,FALSE,FALSE,TRUE,TRUE,FALSE,FALSE,TRUE,FALSE,TRUE,FALSE,FALSE,FALSE,FALSE,FALSE,FALSE,FALSE,FALSE,TRUE,FALSE,FALSE,FALSE,TRUE
6,EaTbY8HFwwF7i3SjVbHGYw,4,TRUE,TRUE,average,beer_and_wine,FALSE,TRUE,FALSE,casual,TRUE,TRUE,TRUE,FALSE,free,TRUE,FALSE,TRUE,TRUE,TRUE,TRUE,FALSE,TRUE,FALSE,FALSE,FALSE,FALSE,FALSE,FALSE,FALSE,FALSE,FALSE,FALSE,FALSE,FALSE,FALSE,FALSE,FALSE,FALSE,FALSE,FALSE,FALSE,FALSE,FALSE,TRUE,TRUE,FALSE,TRUE,FALSE,FALSE
7,H-1qpp_77KggOAr9htUrEw,4,TRUE,FALSE,average,beer_and_wine,TRUE,TRUE,FALSE,casual,TRUE,TRUE,FALSE,TRUE,no,FALSE,FALSE,FALSE,TRUE,TRUE,FALSE,FALSE,TRUE,TRUE,TRUE,FALSE,TRUE,FALSE,TRUE,FALSE,TRUE,TRUE,TRUE,FALSE,FALSE,TRUE,TRUE,FALSE,FALSE,TRUE,FALSE,FALSE,FALSE,FALSE,FALSE,TRUE,FALSE,FALSE,FALSE,FALSE
8,q75UQjNm6AEK4XNnkDLxTQ,4,TRUE,TRUE,average,beer_and_wine,TRUE,TRUE,FALSE,casual,TRUE,TRUE,FALSE,FALSE,free,TRUE,FALSE,TRUE,FALSE,TRUE,TRUE,TRUE,TRUE,FALSE,TRUE,FALSE,FALSE,FALSE,FALSE,FALSE,FALSE,TRUE,TRUE,TRUE,TRUE,FALSE,TRUE,FALSE,TRUE,TRUE,TRUE,TRUE,TRUE,TRUE,FALSE,TRUE,FALSE,TRUE,FALSE,TRUE
9,2nk4hq2oRfym8ROQ5iS47g,4.5,TRUE,FALSE,average,full_bar,TRUE,TRUE,TRUE,casual,TRUE,FALSE,TRUE,FALSE,no,FALSE,FALSE,TRUE,TRUE,TRUE,TRUE,TRUE,TRUE,FALSE,FALSE,TRUE,FALSE,FALSE,TRUE,FALSE,TRUE,FALSE,FALSE,FALSE,FALSE,FALSE,TRUE,FALSE,FALSE,FALSE,FALSE,FALSE,FALSE,FALSE,FALSE,TRUE,FALSE,FALSE,TRUE,FALSE
10,PPcz-0UtIJ8O7xDT551y2g,4.5,TRUE,TRUE,average,full_bar,TRUE,TRUE,FALSE,casual,FALSE,FALSE,FALSE,FALSE,free,FALSE,FALSE,FALSE,TRUE,TRUE,FALSE,TRUE,FALSE,TRUE,TRUE,TRUE,TRUE,TRUE,FALSE,FALSE,FALSE,FALSE,TRUE,FALSE,FALSE,FALSE,FALSE,TRUE,TRUE,FALSE,TRUE,FALSE,FALSE,FALSE,FALSE,TRUE,TRUE,FALSE,TRUE,TRUE
11,zbrIMldF_O1ZQ0vpUaaa8A,4,TRUE,FALSE,average,beer_and_wine,TRUE,TRUE,TRUE,casual,TRUE,FALSE,TRUE,TRUE,free,FALSE,TRUE,TRUE,TRUE,TRUE,TRUE,TRUE,TRUE,FALSE,FALSE,TRUE,FALSE,FALSE,FALSE,FALSE,TRUE,FALSE,FALSE,FALSE,FALSE,FALSE,FALSE,FALSE,FALSE,FALSE,FALSE,FALSE,FALSE,FALSE,FALSE,TRUE,FALSE,FALSE,FALSE,TRUE
12,ycbmvmBYk4w_ZmdrPL0tBQ,4,TRUE,TRUE,average,beer_and_wine,TRUE,TRUE,TRUE,casual,TRUE,TRUE,FALSE,FALSE,free,TRUE,FALSE,FALSE,TRUE,FALSE,FALSE,FALSE,TRUE,FALSE,FALSE,FALSE,FALSE,FALSE,FALSE,FALSE,TRUE,TRUE,FALSE,FALSE,TRUE,FALSE,FALSE,FALSE,FALSE,FALSE,FALSE,FALSE,FALSE,FALSE,TRUE,TRUE,FALSE,FALSE,FALSE,TRUE
13,fnGZspqyamRremXor0sAyg,4,FALSE,FALSE,average,full_bar,FALSE,TRUE,FALSE,dressy,TRUE,FALSE,FALSE,FALSE,free,TRUE,FALSE,FALSE,TRUE,TRUE,TRUE,FALSE,TRUE,FALSE,FALSE,FALSE,FALSE,FALSE,FALSE,TRUE,TRUE,FALSE,FALSE,FALSE,FALSE,FALSE,TRUE,FALSE,TRUE,TRUE,TRUE,TRUE,TRUE,TRUE,FALSE,TRUE,FALSE,FALSE,TRUE,FALSE
14,eL4lyE7LNoXEMvpcJ8WNVw,4,TRUE,FALSE,average,beer_and_wine,FALSE,TRUE,TRUE,casual,TRUE,FALSE,TRUE,TRUE,free,TRUE,FALSE,FALSE,TRUE,TRUE,FALSE,TRUE,TRUE,FALSE,FALSE,FALSE,FALSE,FALSE,FALSE,FALSE,TRUE,FALSE,TRUE,TRUE,FALSE,TRUE,TRUE,FALSE,TRUE,FALSE,TRUE,FALSE,FALSE,TRUE,FALSE,TRUE,FALSE,TRUE,FALSE,FALSE
15,ywXa1pDqHPe9tOPx0yJFUg,3,TRUE,FALSE,loud,full_bar,TRUE,TRUE,FALSE,casual,TRUE,TRUE,FALSE,FALSE,free,FALSE,FALSE,TRUE,TRUE,TRUE,FALSE,TRUE,FALSE,FALSE,TRUE,FALSE,FALSE,FALSE,FALSE,FALSE,FALSE,TRUE,FALSE,FALSE,FALSE,FALSE,FALSE,FALSE,TRUE,FALSE,FALSE,FALSE,FALSE,FALSE,FALSE,TRUE,FALSE,TRUE,FALSE,FALSE
16,vsrryxBR2Jykl71qa1H6SQ,4,TRUE,FALSE,average,beer_and_wine,TRUE,TRUE,TRUE,casual,FALSE,TRUE,TRUE,FALSE,free,FALSE,FALSE,TRUE,TRUE,FALSE,FALSE,FALSE,FALSE,FALSE,FALSE,FALSE,FALSE,TRUE,FALSE,FALSE,FALSE,TRUE,FALSE,FALSE,TRUE,FALSE,FALSE,FALSE,FALSE,FALSE,FALSE,FALSE,FALSE,FALSE,FALSE,FALSE,FALSE,TRUE,FALSE,TRUE
17,4KAuy-zNBxD9QvnkldwEww,4,TRUE,TRUE,average,full_bar,TRUE,TRUE,TRUE,casual,TRUE,TRUE,TRUE,FALSE,free,FALSE,FALSE,TRUE,TRUE,TRUE,TRUE,FALSE,FALSE,FALSE,FALSE,FALSE,FALSE,FALSE,FALSE,FALSE,TRUE,FALSE,FALSE,FALSE,FALSE,FALSE,FALSE,FALSE,FALSE,FALSE,FALSE,FALSE,FALSE,FALSE,TRUE,TRUE,FALSE,FALSE,FALSE,TRUE
18,R93mEcQ1pjq7q3LzShi3ow,5,FALSE,FALSE,average,beer_and_wine,TRUE,TRUE,FALSE,casual,TRUE,TRUE,TRUE,TRUE,free,TRUE,FALSE,FALSE,TRUE,TRUE,TRUE,TRUE,TRUE,FALSE,FALSE,FALSE,FALSE,FALSE,FALSE,FALSE,FALSE,FALSE,TRUE,TRUE,TRUE,FALSE,TRUE,FALSE,FALSE,FALSE,FALSE,FALSE,FALSE,FALSE,FALSE,TRUE,FALSE,TRUE,FALSE,TRUE
19,GBD-YjcOD1nG0wv4L0Lvfg,5,FALSE,TRUE,average,full_bar,TRUE,TRUE,TRUE,casual,FALSE,FALSE,TRUE,TRUE,no,FALSE,FALSE,FALSE,TRUE,FALSE,TRUE,TRUE,TRUE,FALSE,FALSE,FALSE,FALSE,FALSE,FALSE,FALSE,TRUE,FALSE,FALSE,FALSE,TRUE,FALSE,FALSE,FALSE,FALSE,FALSE,TRUE,FALSE,TRUE,FALSE,FALSE,FALSE,FALSE,FALSE,FALSE,TRUE
20,_dNk5IpkVVyN2nWMXTA2eA,4.5,TRUE,FALSE,quiet,beer_and_wine,TRUE,TRUE,TRUE,casual,TRUE,FALSE,FALSE,FALSE,free,TRUE,FALSE,TRUE,FALSE,TRUE,TRUE,FALSE,TRUE,FALSE,FALSE,FALSE,FALSE,FALSE,FALSE,FALSE,FALSE,TRUE,FALSE,TRUE,FALSE,TRUE,FALSE,FALSE,FALSE,FALSE,FALSE,FALSE,TRUE,TRUE,TRUE,TRUE,FALSE,FALSE,TRUE,TRUE
21,jfRq1KtjEGyPoMo9HZVw2Q,3.5,FALSE,TRUE,average,beer_and_wine,FALSE,TRUE,FALSE,casual,TRUE,TRUE,TRUE,FALSE,free,TRUE,FALSE,TRUE,FALSE,FALSE,FALSE,TRUE,TRUE,FALSE,TRUE,FALSE,FALSE,FALSE,FALSE,TRUE,TRUE,TRUE,TRUE,FALSE,TRUE,TRUE,TRUE,FALSE,TRUE,FALSE,FALSE,FALSE,TRUE,FALSE,TRUE,TRUE,FALSE,FALSE,FALSE,FALSE
22,1xsBRB203LiYLcC3mktfdA,4,TRUE,TRUE,average,beer_and_wine,TRUE,TRUE,FALSE,casual,TRUE,TRUE,FALSE,FALSE,free,TRUE,FALSE,TRUE,TRUE,TRUE,TRUE,FALSE,FALSE,TRUE,TRUE,FALSE,FALSE,FALSE,TRUE,TRUE,TRUE,TRUE,FALSE,TRUE,TRUE,FALSE,FALSE,TRUE,FALSE,FALSE,FALSE,TRUE,FALSE,TRUE,FALSE,FALSE,FALSE,TRUE,FALSE,FALSE
23,6HTGlttrzCMsuGBHO1ZGiw,4.5,TRUE,FALSE,average,beer_and_wine,TRUE,TRUE,TRUE,casual,TRUE,TRUE,FALSE,FALSE,no,TRUE,FALSE,TRUE,TRUE,TRUE,FALSE,FALSE,TRUE,FALSE,FALSE,FALSE,FALSE,FALSE,FALSE,FALSE,TRUE,TRUE,TRUE,TRUE,TRUE,FALSE,FALSE,TRUE,FALSE,FALSE,FALSE,FALSE,FALSE,FALSE,TRUE,TRUE,FALSE,TRUE,FALSE,TRUE
24,52ov7d0148JvYG78_c-Bsw,4,FALSE,TRUE,average,beer_and_wine,TRUE,TRUE,FALSE,casual,TRUE,TRUE,TRUE,FALSE,free,TRUE,FALSE,FALSE,TRUE,TRUE,FALSE,FALSE,TRUE,FALSE,TRUE,FALSE,FALSE,FALSE,TRUE,FALSE,TRUE,TRUE,FALSE,TRUE,FALSE,TRUE,TRUE,FALSE,TRUE,FALSE,FALSE,FALSE,FALSE,FALSE,FALSE,TRUE,FALSE,FALSE,FALSE,TRUE
25,9xW7LsJpyhVZFRb6z9xorg,4,TRUE,TRUE,average,beer_and_wine,TRUE,TRUE,TRUE,casual,TRUE,FALSE,FALSE,FALSE,free,FALSE,FALSE,FALSE,TRUE,TRUE,TRUE,FALSE,TRUE,FALSE,TRUE,TRUE,FALSE,FALSE,TRUE,FALSE,TRUE,TRUE,TRUE,TRUE,FALSE,TRUE,TRUE,TRUE,FALSE,TRUE,FALSE,FALSE,FALSE,FALSE,FALSE,TRUE,FALSE,FALSE,FALSE,FALSE
26,pqF3WkYktbR28uk2PSR7Rg,4,TRUE,TRUE,average,full_bar,TRUE,TRUE,TRUE,casual,TRUE,TRUE,TRUE,FALSE,no,TRUE,FALSE,FALSE,TRUE,FALSE,TRUE,FALSE,TRUE,FALSE,FALSE,FALSE,FALSE,FALSE,FALSE,FALSE,FALSE,TRUE,TRUE,TRUE,TRUE,FALSE,FALSE,FALSE,FALSE,FALSE,FALSE,FALSE,FALSE,FALSE,FALSE,FALSE,FALSE,TRUE,FALSE,TRUE
27,A7Uwcr1BjasB6BWke1hrfA,5,TRUE,TRUE,loud,full_bar,TRUE,TRUE,FALSE,casual,TRUE,FALSE,FALSE,TRUE,no,TRUE,TRUE,TRUE,TRUE,TRUE,FALSE,FALSE,FALSE,FALSE,FALSE,FALSE,FALSE,FALSE,FALSE,FALSE,FALSE,TRUE,FALSE,TRUE,FALSE,TRUE,TRUE,TRUE,FALSE,TRUE,FALSE,TRUE,TRUE,FALSE,FALSE,TRUE,FALSE,TRUE,FALSE,FALSE
28,gdEZfd6RFXYmmXX71RDvbA,4.5,TRUE,TRUE,loud,beer_and_wine,TRUE,TRUE,TRUE,casual,TRUE,TRUE,FALSE,FALSE,free,TRUE,FALSE,FALSE,TRUE,TRUE,FALSE,FALSE,FALSE,FALSE,FALSE,FALSE,FALSE,FALSE,TRUE,FALSE,FALSE,TRUE,TRUE,TRUE,TRUE,FALSE,TRUE,FALSE,TRUE,TRUE,FALSE,FALSE,TRUE,TRUE,FALSE,FALSE,FALSE,TRUE,FALSE,FALSE
29,sZHLbLnw1vwHF1xDzuV1iw,4.5,TRUE,TRUE,average,full_bar,TRUE,TRUE,TRUE,casual,TRUE,TRUE,TRUE,FALSE,no,TRUE,TRUE,FALSE,TRUE,FALSE,FALSE,TRUE,TRUE,FALSE,FALSE,FALSE,FALSE,FALSE,FALSE,FALSE,FALSE,TRUE,TRUE,TRUE,TRUE,TRUE,TRUE,FALSE,TRUE,FALSE,TRUE,FALSE,TRUE,FALSE,FALSE,FALSE,FALSE,TRUE,FALSE,FALSE
30,H4Zf42Q3I8JyQ-V5l4dJrg,3.5,FALSE,TRUE,quiet,beer_and_wine,TRUE,TRUE,FALSE,casual,TRUE,FALSE,FALSE,TRUE,free,FALSE,TRUE,TRUE,TRUE,TRUE,FALSE,FALSE,TRUE,FALSE,TRUE,FALSE,TRUE,TRUE,TRUE,TRUE,FALSE,TRUE,FALSE,TRUE,FALSE,FALSE,TRUE,TRUE,TRUE,TRUE,FALSE,TRUE,FALSE,FALSE,TRUE,TRUE,FALSE,FALSE,FALSE,FALSE
31,LtxG9DTXCFpteVkD4SGBlw,4,TRUE,FALSE,average,full_bar,TRUE,TRUE,TRUE,casual,TRUE,FALSE,TRUE,FALSE,free,TRUE,FALSE,TRUE,TRUE,TRUE,TRUE,FALSE,TRUE,FALSE,FALSE,FALSE,FALSE,FALSE,FALSE,FALSE,TRUE,TRUE,FALSE,FALSE,FALSE,FALSE,FALSE,FALSE,FALSE,TRUE,FALSE,FALSE,TRUE,FALSE,TRUE,TRUE,FALSE,FALSE,FALSE,TRUE
32,apmw_lkLdwWbeYiI9ysdJg,4.5,TRUE,TRUE,average,full_bar,TRUE,TRUE,TRUE,dressy,TRUE,FALSE,TRUE,TRUE,no,TRUE,TRUE,FALSE,TRUE,FALSE,FALSE,FALSE,FALSE,FALSE,FALSE,TRUE,FALSE,FALSE,FALSE,FALSE,TRUE,FALSE,FALSE,FALSE,FALSE,FALSE,FALSE,FALSE,FALSE,FALSE,FALSE,FALSE,FALSE,FALSE,FALSE,TRUE,FALSE,FALSE,FALSE,FALSE
33,c_a38vt6v2tRq-VjdTZHZw,4,TRUE,TRUE,average,full_bar,TRUE,TRUE,FALSE,casual,TRUE,FALSE,TRUE,FALSE,free,TRUE,TRUE,FALSE,TRUE,TRUE,TRUE,FALSE,TRUE,FALSE,FALSE,TRUE,FALSE,FALSE,FALSE,TRUE,TRUE,TRUE,TRUE,TRUE,FALSE,FALSE,FALSE,FALSE,FALSE,FALSE,FALSE,FALSE,TRUE,FALSE,FALSE,FALSE,FALSE,FALSE,TRUE,TRUE
34,UBK6zb5-XUETfVzYkRTj1Q,4.5,FALSE,TRUE,quiet,full_bar,TRUE,TRUE,TRUE,dressy,TRUE,FALSE,FALSE,FALSE,free,TRUE,FALSE,TRUE,TRUE,TRUE,TRUE,FALSE,FALSE,FALSE,FALSE,TRUE,TRUE,FALSE,TRUE,FALSE,TRUE,TRUE,FALSE,TRUE,FALSE,FALSE,FALSE,FALSE,TRUE,FALSE,FALSE,FALSE,FALSE,FALSE,TRUE,TRUE,FALSE,TRUE,FALSE,FALSE
35,IZZ7J14VnJGyUqYH1tgT6w,4.5,FALSE,TRUE,average,full_bar,TRUE,TRUE,TRUE,casual,FALSE,FALSE,TRUE,FALSE,free,TRUE,FALSE,FALSE,TRUE,TRUE,TRUE,FALSE,TRUE,FALSE,FALSE,FALSE,FALSE,FALSE,FALSE,FALSE,TRUE,FALSE,FALSE,FALSE,TRUE,FALSE,TRUE,FALSE,FALSE,TRUE,FALSE,FALSE,TRUE,FALSE,TRUE,TRUE,FALSE,FALSE,FALSE,FALSE
36,U3grYFIeu6RgAAQgdriHww,4,FALSE,FALSE,average,full_bar,TRUE,TRUE,TRUE,casual,TRUE,FALSE,TRUE,FALSE,free,FALSE,FALSE,FALSE,TRUE,TRUE,TRUE,FALSE,TRUE,FALSE,FALSE,FALSE,FALSE,FALSE,TRUE,FALSE,TRUE,FALSE,FALSE,FALSE,FALSE,FALSE,FALSE,FALSE,FALSE,FALSE,FALSE,FALSE,FALSE,FALSE,FALSE,TRUE,FALSE,FALSE,FALSE,FALSE
37,cAbdvzqtFLaAAMFIyPf2AA,4,FALSE,TRUE,average,full_bar,TRUE,TRUE,FALSE,casual,TRUE,FALSE,FALSE,TRUE,no,TRUE,FALSE,FALSE,TRUE,TRUE,TRUE,FALSE,FALSE,FALSE,TRUE,FALSE,FALSE,TRUE,TRUE,FALSE,TRUE,FALSE,TRUE,FALSE,TRUE,FALSE,FALSE,FALSE,FALSE,FALSE,FALSE,FALSE,FALSE,FALSE,FALSE,TRUE,FALSE,FALSE,FALSE,TRUE
38,tZnPqmwGcLjYeBdwyvhazg,4,TRUE,FALSE,quiet,beer_and_wine,FALSE,TRUE,TRUE,casual,TRUE,FALSE,TRUE,FALSE,free,TRUE,FALSE,TRUE,FALSE,TRUE,TRUE,FALSE,FALSE,FALSE,TRUE,TRUE,TRUE,TRUE,TRUE,TRUE,TRUE,TRUE,TRUE,FALSE,FALSE,TRUE,TRUE,FALSE,TRUE,FALSE,FALSE,FALSE,FALSE,FALSE,FALSE,TRUE,FALSE,FALSE,FALSE,FALSE
39,L9QTAucz_in5f-ufCrvb1Q,3.5,TRUE,TRUE,quiet,full_bar,TRUE,TRUE,FALSE,dressy,TRUE,FALSE,FALSE,FALSE,free,FALSE,TRUE,TRUE,TRUE,TRUE,FALSE,FALSE,TRUE,FALSE,TRUE,TRUE,FALSE,FALSE,FALSE,FALSE,FALSE,FALSE,TRUE,FALSE,TRUE,FALSE,TRUE,TRUE,TRUE,FALSE,TRUE,FALSE,TRUE,FALSE,TRUE,TRUE,FALSE,FALSE,TRUE,FALSE
40,E6HHiJMCpTkjOsSly3kzeA,4.5,FALSE,FALSE,average,beer_and_wine,TRUE,TRUE,FALSE,dressy,TRUE,FALSE,FALSE,FALSE,free,TRUE,TRUE,TRUE,TRUE,TRUE,FALSE,FALSE,TRUE,FALSE,FALSE,FALSE,FALSE,FALSE,FALSE,FALSE,FALSE,TRUE,FALSE,TRUE,FALSE,TRUE,TRUE,FALSE,TRUE,TRUE,FALSE,TRUE,FALSE,FALSE,FALSE,TRUE,FALSE,TRUE,FALSE,TRUE
41,Vg0oTgDyRwi73D5zRywrlg,4,TRUE,FALSE,average,beer_and_wine,TRUE,TRUE,TRUE,casual,TRUE,TRUE,FALSE,FALSE,no,TRUE,FALSE,FALSE,FALSE,TRUE,FALSE,TRUE,TRUE,FALSE,TRUE,FALSE,FALSE,FALSE,TRUE,FALSE,TRUE,TRUE,TRUE,TRUE,TRUE,FALSE,FALSE,FALSE,FALSE,FALSE,FALSE,FALSE,FALSE,FALSE,FALSE,TRUE,FALSE,FALSE,FALSE,TRUE
42,sjWf71VmU5HIwqX8RGCLJw,4.5,TRUE,TRUE,average,full_bar,TRUE,TRUE,FALSE,dressy,TRUE,TRUE,TRUE,FALSE,no,FALSE,FALSE,TRUE,TRUE,TRUE,FALSE,TRUE,FALSE,FALSE,FALSE,FALSE,FALSE,FALSE,FALSE,FALSE,TRUE,FALSE,FALSE,FALSE,FALSE,FALSE,FALSE,FALSE,FALSE,FALSE,FALSE,FALSE,FALSE,FALSE,FALSE,TRUE,FALSE,FALSE,TRUE,FALSE
43,omnCKxL0f_akh0eYeJxjDg,4,TRUE,FALSE,average,full_bar,TRUE,TRUE,TRUE,casual,TRUE,TRUE,TRUE,FALSE,no,TRUE,FALSE,TRUE,TRUE,TRUE,TRUE,FALSE,TRUE,TRUE,FALSE,FALSE,FALSE,FALSE,TRUE,FALSE,TRUE,TRUE,FALSE,FALSE,TRUE,FALSE,FALSE,FALSE,TRUE,FALSE,FALSE,FALSE,FALSE,FALSE,FALSE,TRUE,FALSE,TRUE,TRUE,TRUE
44,L7-PPe0fj-6U7qq31vjWnQ,4.5,TRUE,TRUE,average,beer_and_wine,TRUE,TRUE,TRUE,casual,TRUE,TRUE,TRUE,FALSE,free,TRUE,FALSE,TRUE,FALSE,FALSE,TRUE,TRUE,FALSE,FALSE,FALSE,FALSE,FALSE,FALSE,FALSE,FALSE,TRUE,TRUE,FALSE,FALSE,TRUE,FALSE,FALSE,FALSE,FALSE,TRUE,TRUE,FALSE,TRUE,TRUE,FALSE,FALSE,FALSE,TRUE,FALSE,FALSE
45,oTcezJoCe30NrwiNFsoLXQ,4.5,FALSE,TRUE,quiet,full_bar,FALSE,TRUE,TRUE,dressy,TRUE,FALSE,TRUE,TRUE,free,TRUE,TRUE,FALSE,TRUE,FALSE,TRUE,FALSE,FALSE,FALSE,FALSE,FALSE,FALSE,FALSE,FALSE,FALSE,FALSE,FALSE,TRUE,TRUE,FALSE,TRUE,FALSE,FALSE,FALSE,FALSE,FALSE,FALSE,FALSE,FALSE,FALSE,FALSE,FALSE,FALSE,FALSE,FALSE
46,45D7B9CqiUTTPUFcqmLx5Q,4.5,TRUE,FALSE,quiet,full_bar,TRUE,TRUE,TRUE,dressy,TRUE,TRUE,FALSE,FALSE,free,TRUE,FALSE,FALSE,TRUE,TRUE,FALSE,TRUE,TRUE,FALSE,FALSE,FALSE,FALSE,FALSE,FALSE,FALSE,FALSE,FALSE,FALSE,FALSE,FALSE,FALSE,FALSE,TRUE,TRUE,TRUE,FALSE,TRUE,FALSE,FALSE,FALSE,FALSE,FALSE,FALSE,TRUE,FALSE
47,E_ac8Q20OJD9L8cafCBKaQ,4,FALSE,TRUE,quiet,full_bar,FALSE,TRUE,FALSE,dressy,TRUE,FALSE,FALSE,FALSE,no,FALSE,TRUE,TRUE,FALSE,TRUE,TRUE,TRUE,FALSE,FALSE,FALSE,FALSE,FALSE,FALSE,FALSE,FALSE,FALSE,TRUE,TRUE,FALSE,FALSE,FALSE,TRUE,FALSE,FALSE,FALSE,FALSE,FALSE,FALSE,FALSE,FALSE,TRUE,FALSE,FALSE,FALSE,TRUE
48,oinV9xrSkR3b_T8sK1nsqg,3.5,TRUE,FALSE,average,full_bar,FALSE,TRUE,TRUE,dressy,TRUE,FALSE,FALSE,FALSE,free,TRUE,FALSE,FALSE,TRUE,TRUE,TRUE,TRUE,TRUE,FALSE,FALSE,FALSE,FALSE,FALSE,FALSE,FALSE,FALSE,FALSE,FALSE,FALSE,FALSE,TRUE,FALSE,FALSE,FALSE,FALSE,FALSE,FALSE,FALSE,FALSE,FALSE,TRUE,TRUE,FALSE,FALSE,FALSE
49,fO89arPgWzq_1YYQYLS4Yw,4.5,FALSE,TRUE,quiet,beer_and_wine,FALSE,TRUE,FALSE,dressy,TRUE,TRUE,FALSE,TRUE,no,FALSE,FALSE,FALSE,TRUE,TRUE,TRUE,FALSE,TRUE,TRUE,TRUE,TRUE,TRUE,TRUE,FALSE,FALSE,FALSE,TRUE,FALSE,TRUE,TRUE,FALSE,TRUE,TRUE,TRUE,FALSE,TRUE,FALSE,FALSE,TRUE,FALSE,TRUE,FALSE,FALSE,FALSE,FALSE
50,o4IiNbNybcy-L4vzTSoDJw,4,TRUE,TRUE,quiet,beer_and_wine,TRUE,TRUE,TRUE,casual,TRUE,FALSE,FALSE,FALSE,free,TRUE,FALSE,FALSE,TRUE,TRUE,TRUE,FALSE,TRUE,FALSE,TRUE,FALSE,FALSE,FALSE,TRUE,TRUE,TRUE,TRUE,FALSE,TRUE,TRUE,FALSE,FALSE,FALSE,TRUE,FALSE,FALSE,FALSE,FALSE,FALSE,FALSE,TRUE,FALSE,TRUE,FALSE,TRUE
51,qUyU8Amr1NjuE3TBFs2n4A,5,FALSE,FALSE,average,beer_and_wine,TRUE,TRUE,FALSE,casual,TRUE,FALSE,TRUE,FALSE,free,FALSE,TRUE,FALSE,TRUE,TRUE,TRUE,FALSE,FALSE,FALSE,FALSE,TRUE,FALSE,FALSE,FALSE,FALSE,TRUE,FALSE,FALSE,FALSE,FALSE,FALSE,FALSE,FALSE,TRUE,TRUE,FALSE,FALSE,FALSE,FALSE,FALSE,TRUE,FALSE,FALSE,FALSE,FALSE
52,2l-spLLGUzRiZg8dF623Nw,4,FALSE,TRUE,quiet,full_bar,FALSE,TRUE,FALSE,dressy,FALSE,TRUE,FALSE,FALSE,no,FALSE,FALSE,TRUE,TRUE,TRUE,TRUE,FALSE,FALSE,FALSE,FALSE,TRUE,TRUE,TRUE,FALSE,FALSE,FALSE,FALSE,FALSE,FALSE,TRUE,FALSE,TRUE,FALSE,TRUE,FALSE,FALSE,FALSE,FALSE,TRUE,FALSE,FALSE,FALSE,TRUE,FALSE,FALSE
53,j8c8WFqySY1eybnkJfgjSg,4,TRUE,TRUE,average,full_bar,TRUE,TRUE,FALSE,casual,TRUE,TRUE,TRUE,TRUE,free,FALSE,FALSE,FALSE,TRUE,FALSE,TRUE,TRUE,TRUE,FALSE,FALSE,FALSE,FALSE,FALSE,FALSE,FALSE,FALSE,FALSE,FALSE,TRUE,TRUE,FALSE,FALSE,FALSE,TRUE,FALSE,FALSE,FALSE,TRUE,FALSE,FALSE,FALSE,FALSE,FALSE,FALSE,TRUE
54,g0lCOgLkkByZrhmwYzP5KA,4.5,TRUE,TRUE,loud,full_bar,TRUE,TRUE,FALSE,casual,TRUE,TRUE,FALSE,FALSE,free,TRUE,FALSE,FALSE,TRUE,TRUE,TRUE,FALSE,TRUE,TRUE,TRUE,FALSE,FALSE,FALSE,TRUE,FALSE,FALSE,TRUE,TRUE,TRUE,TRUE,TRUE,TRUE,FALSE,FALSE,FALSE,FALSE,FALSE,TRUE,FALSE,TRUE,TRUE,FALSE,FALSE,FALSE,TRUE
55,xTYLUPg8Xg-z3cYoPpcJqQ,4.5,TRUE,FALSE,quiet,full_bar,TRUE,FALSE,TRUE,dressy,TRUE,FALSE,FALSE,TRUE,no,TRUE,TRUE,TRUE,TRUE,TRUE,TRUE,TRUE,TRUE,TRUE,TRUE,FALSE,FALSE,FALSE,TRUE,TRUE,FALSE,TRUE,TRUE,TRUE,TRUE,TRUE,FALSE,FALSE,FALSE,TRUE,FALSE,TRUE,FALSE,FALSE,FALSE,TRUE,FALSE,FALSE,TRUE,TRUE
56,5bDjg02rlg6ODEUT-UQT-A,3.5,TRUE,FALSE,average,full_bar,TRUE,TRUE,FALSE,casual,TRUE,FALSE,FALSE,FALSE,no,TRUE,FALSE,TRUE,TRUE,TRUE,TRUE,FALSE,TRUE,FALSE,FALSE,FALSE,FALSE,FALSE,FALSE,FALSE,TRUE,FALSE,TRUE,FALSE,FALSE,TRUE,FALSE,FALSE,TRUE,FALSE,FALSE,FALSE,FALSE,FALSE,FALSE,TRUE,FALSE,FALSE,TRUE,FALSE
57,Hl_vXTiYLozWo7T9Cq17vw,5,TRUE,FALSE,average,beer_and_wine,TRUE,TRUE,FALSE,dressy,TRUE,FALSE,TRUE,TRUE,no,FALSE,FALSE,TRUE,FALSE,FALSE,FALSE,FALSE,TRUE,FALSE,FALSE,TRUE,FALSE,FALSE,FALSE,FALSE,TRUE,FALSE,FALSE,FALSE,TRUE,TRUE,TRUE,TRUE,FALSE,FALSE,FALSE,FALSE,FALSE,FALSE,FALSE,FALSE,FALSE,FALSE,FALSE,TRUE
58,gYrHa4CckDjgOQc5B-yTKA,4,TRUE,FALSE,average,full_bar,TRUE,TRUE,FALSE,casual,TRUE,TRUE,TRUE,TRUE,no,FALSE,FALSE,FALSE,TRUE,TRUE,FALSE,TRUE,FALSE,FALSE,FALSE,FALSE,FALSE,FALSE,FALSE,FALSE,FALSE,TRUE,TRUE,FALSE,FALSE,FALSE,FALSE,FALSE,TRUE,TRUE,FALSE,FALSE,TRUE,FALSE,FALSE,TRUE,FALSE,FALSE,FALSE,TRUE
59,IljCDlZnTftfZEruqa4sRQ,4,TRUE,TRUE,quiet,full_bar,TRUE,TRUE,FALSE,dressy,TRUE,FALSE,TRUE,FALSE,no,TRUE,TRUE,TRUE,TRUE,TRUE,FALSE,FALSE,TRUE,FALSE,FALSE,FALSE,FALSE,FALSE,FALSE,FALSE,FALSE,FALSE,FALSE,FALSE,FALSE,FALSE,TRUE,TRUE,FALSE,FALSE,TRUE,TRUE,FALSE,TRUE,TRUE,TRUE,FALSE,FALSE,FALSE,TRUE
60,pQh2GzkAnbLKiDqEpxcylQ,5,TRUE,TRUE,average,full_bar,TRUE,TRUE,FALSE,casual,TRUE,FALSE,TRUE,FALSE,free,TRUE,TRUE,FALSE,FALSE,TRUE,TRUE,TRUE,FALSE,FALSE,FALSE,FALSE,FALSE,FALSE,FALSE,FALSE,FALSE,FALSE,FALSE,FALSE,TRUE,FALSE,FALSE,FALSE,FALSE,FALSE,FALSE,FALSE,FALSE,FALSE,FALSE,TRUE,FALSE,FALSE,FALSE,FALSE
61,g6VJ6y-AzDGQy0Gj91UvUw,4,TRUE,FALSE,quiet,beer_and_wine,TRUE,TRUE,FALSE,casual,TRUE,TRUE,TRUE,FALSE,free,FALSE,FALSE,FALSE,TRUE,TRUE,FALSE,FALSE,TRUE,FALSE,FALSE,FALSE,FALSE,FALSE,FALSE,FALSE,FALSE,TRUE,TRUE,TRUE,TRUE,FALSE,FALSE,FALSE,FALSE,FALSE,FALSE,FALSE,FALSE,FALSE,FALSE,TRUE,FALSE,FALSE,FALSE,FALSE
62,e8RwknT5szoLk9uBZjzcw,4,TRUE,FALSE,loud,full_bar,TRUE,TRUE,FALSE,dressy,FALSE,TRUE,TRUE,TRUE,no,FALSE,FALSE,FALSE,TRUE,FALSE,TRUE,FALSE,TRUE,FALSE,FALSE,TRUE,FALSE,FALSE,TRUE,TRUE,FALSE,TRUE,FALSE,TRUE,TRUE,TRUE,TRUE,FALSE,FALSE,TRUE,TRUE,TRUE,TRUE,TRUE,TRUE,TRUE,FALSE,FALSE,FALSE,FALSE
63,jKocMyXjEqgb9dL9S5vrEA,4,TRUE,FALSE,loud,full_bar,TRUE,TRUE,TRUE,casual,TRUE,FALSE,FALSE,FALSE,no,TRUE,TRUE,FALSE,TRUE,FALSE,TRUE,FALSE,FALSE,FALSE,FALSE,FALSE,FALSE,FALSE,FALSE,FALSE,FALSE,FALSE,FALSE,FALSE,TRUE,FALSE,FALSE,TRUE,FALSE,FALSE,FALSE,TRUE,FALSE,FALSE,TRUE,FALSE,FALSE,FALSE,FALSE,FALSE
64,d0E938M2_4kcuULUdnj-Xw,4.5,FALSE,FALSE,loud,beer_and_wine,TRUE,TRUE,FALSE,dressy,TRUE,FALSE,TRUE,FALSE,free,TRUE,FALSE,FALSE,TRUE,TRUE,FALSE,TRUE,TRUE,FALSE,FALSE,FALSE,FALSE,TRUE,FALSE,TRUE,TRUE,FALSE,FALSE,FALSE,TRUE,FALSE,FALSE,FALSE,TRUE,FALSE,FALSE,FALSE,FALSE,FALSE,TRUE,FALSE,FALSE,FALSE,FALSE,TRUE
65,0ac5lGA_0wdKDnib3y59Xg,4,TRUE,TRUE,loud,full_bar,TRUE,TRUE,TRUE,dressy,TRUE,TRUE,FALSE,FALSE,no,TRUE,TRUE,TRUE,TRUE,TRUE,TRUE,TRUE,FALSE,FALSE,FALSE,FALSE,FALSE,FALSE,FALSE,FALSE,TRUE,FALSE,FALSE,TRUE,TRUE,TRUE,TRUE,FALSE,FALSE,FALSE,FALSE,FALSE,FALSE,FALSE,FALSE,TRUE,FALSE,FALSE,FALSE,FALSE
66,qVitsouI4aBiYx1_Fjn0Pg,4,TRUE,FALSE,average,full_bar,TRUE,TRUE,FALSE,casual,TRUE,FALSE,FALSE,FALSE,no,TRUE,FALSE,FALSE,TRUE,TRUE,FALSE,TRUE,TRUE,FALSE,TRUE,FALSE,FALSE,FALSE,TRUE,FALSE,TRUE,TRUE,TRUE,FALSE,FALSE,TRUE,FALSE,FALSE,FALSE,FALSE,FALSE,FALSE,FALSE,FALSE,FALSE,TRUE,FALSE,TRUE,FALSE,TRUE
67,USVks6B2Xkf0WLmLIiXqMA,3.5,TRUE,TRUE,average,beer_and_wine,TRUE,TRUE,FALSE,dressy,TRUE,FALSE,TRUE,TRUE,no,FALSE,FALSE,TRUE,TRUE,TRUE,FALSE,FALSE,TRUE,FALSE,FALSE,FALSE,FALSE,FALSE,TRUE,FALSE,FALSE,FALSE,FALSE,FALSE,TRUE,FALSE,FALSE,TRUE,TRUE,FALSE,FALSE,FALSE,FALSE,TRUE,FALSE,TRUE,FALSE,FALSE,TRUE,TRUE
68,iBBV8vesQ8fo2IQA7an1JA,4,TRUE,TRUE,average,full_bar,TRUE,TRUE,TRUE,casual,FALSE,FALSE,TRUE,FALSE,free,TRUE,FALSE,FALSE,TRUE,TRUE,TRUE,FALSE,FALSE,FALSE,FALSE,FALSE,FALSE,FALSE,FALSE,FALSE,TRUE,FALSE,FALSE,FALSE,FALSE,FALSE,FALSE,FALSE,FALSE,FALSE,FALSE,TRUE,FALSE,FALSE,FALSE,TRUE,FALSE,TRUE,FALSE,FALSE
69,pKSB4wXLiS8rd1cAEgD8oA,4.5,TRUE,TRUE,loud,full_bar,FALSE,TRUE,FALSE,dressy,TRUE,FALSE,TRUE,FALSE,no,TRUE,TRUE,TRUE,TRUE,TRUE,TRUE,FALSE,TRUE,TRUE,TRUE,TRUE,FALSE,FALSE,TRUE,FALSE,FALSE,TRUE,FALSE,TRUE,TRUE,TRUE,TRUE,FALSE,TRUE,FALSE,FALSE,FALSE,FALSE,FALSE,FALSE,FALSE,TRUE,FALSE,TRUE,FALSE
70,DbYZpG1O8Qknfk_IqXtHxg,4,TRUE,TRUE,average,beer_and_wine,TRUE,TRUE,TRUE,casual,TRUE,TRUE,FALSE,FALSE,no,TRUE,FALSE,TRUE,TRUE,TRUE,FALSE,FALSE,FALSE,FALSE,FALSE,FALSE,FALSE,FALSE,FALSE,FALSE,TRUE,TRUE,FALSE,FALSE,TRUE,FALSE,FALSE,FALSE,FALSE,TRUE,FALSE,FALSE,TRUE,FALSE,FALSE,TRUE,FALSE,FALSE,FALSE,FALSE
71,0t1pU_Ky3Jvgq5Ya_OC1pA,4.5,FALSE,TRUE,loud,beer_and_wine,FALSE,TRUE,FALSE,dressy,FALSE,TRUE,FALSE,FALSE,no,TRUE,TRUE,FALSE,TRUE,TRUE,TRUE,TRUE,FALSE,FALSE,TRUE,FALSE,TRUE,TRUE,FALSE,TRUE,FALSE,TRUE,TRUE,FALSE,TRUE,TRUE,TRUE,TRUE,FALSE,TRUE,TRUE,TRUE,FALSE,TRUE,FALSE,FALSE,FALSE,FALSE,FALSE,FALSE
72,OCW1gs6Rjn90_x5EV0PuaA,4.5,TRUE,TRUE,very_loud,full_bar,TRUE,TRUE,TRUE,dressy,TRUE,FALSE,TRUE,TRUE,no,TRUE,TRUE,TRUE,TRUE,FALSE,FALSE,TRUE,FALSE,FALSE,FALSE,FALSE,FALSE,FALSE,FALSE,FALSE,FALSE,FALSE,TRUE,FALSE,TRUE,TRUE,FALSE,TRUE,FALSE,TRUE,TRUE,FALSE,FALSE,FALSE,TRUE,TRUE,TRUE,FALSE,TRUE,FALSE
73,sk0IM8koYo1o9-k_rpkmxQ,4.5,FALSE,TRUE,average,beer_and_wine,TRUE,TRUE,TRUE,casual,TRUE,TRUE,TRUE,TRUE,no,TRUE,FALSE,TRUE,TRUE,TRUE,TRUE,TRUE,FALSE,FALSE,FALSE,FALSE,FALSE,FALSE,FALSE,FALSE,FALSE,TRUE,FALSE,FALSE,TRUE,FALSE,FALSE,FALSE,FALSE,FALSE,FALSE,FALSE,FALSE,FALSE,TRUE,TRUE,FALSE,FALSE,FALSE,TRUE
74,cQDwJjslebJv5Co7gCm2Yw,4,TRUE,FALSE,loud,full_bar,TRUE,TRUE,TRUE,casual,FALSE,TRUE,TRUE,FALSE,no,FALSE,TRUE,TRUE,TRUE,TRUE,TRUE,FALSE,FALSE,FALSE,TRUE,TRUE,FALSE,TRUE,FALSE,TRUE,TRUE,FALSE,FALSE,FALSE,FALSE,FALSE,FALSE,TRUE,TRUE,FALSE,FALSE,TRUE,TRUE,TRUE,FALSE,FALSE,FALSE,FALSE,TRUE,TRUE
75,m4xrhESFLaA7PiddXeg2aw,3.5,TRUE,FALSE,loud,beer_and_wine,TRUE,TRUE,TRUE,casual,TRUE,TRUE,FALSE,FALSE,free,TRUE,FALSE,FALSE,TRUE,TRUE,FALSE,TRUE,TRUE,TRUE,TRUE,FALSE,FALSE,TRUE,TRUE,FALSE,FALSE,TRUE,FALSE,TRUE,TRUE,TRUE,TRUE,FALSE,FALSE,FALSE,FALSE,FALSE,TRUE,FALSE,FALSE,FALSE,FALSE,FALSE,FALSE,FALSE
76,sj2o49ZCq2iJlZxDNrHDaA,4.5,FALSE,TRUE,loud,full_bar,TRUE,TRUE,TRUE,casual,TRUE,FALSE,FALSE,FALSE,free,TRUE,TRUE,FALSE,TRUE,TRUE,FALSE,FALSE,FALSE,FALSE,FALSE,FALSE,TRUE,FALSE,FALSE,FALSE,FALSE,TRUE,TRUE,FALSE,FALSE,FALSE,FALSE,FALSE,TRUE,FALSE,FALSE,FALSE,FALSE,FALSE,FALSE,TRUE,FALSE,FALSE,FALSE,FALSE
77,3Wy21heeDm8h2tSZfcj6OA,4.5,TRUE,FALSE,average,full_bar,TRUE,TRUE,TRUE,casual,TRUE,FALSE,TRUE,FALSE,free,TRUE,FALSE,TRUE,TRUE,TRUE,TRUE,FALSE,TRUE,FALSE,FALSE,FALSE,FALSE,FALSE,TRUE,FALSE,TRUE,FALSE,FALSE,FALSE,FALSE,FALSE,FALSE,TRUE,FALSE,TRUE,FALSE,FALSE,FALSE,FALSE,TRUE,TRUE,FALSE,FALSE,FALSE,FALSE
78,thlyktt2c7v1DyOpSVSibw,4,TRUE,FALSE,quiet,beer_and_wine,TRUE,TRUE,FALSE,casual,TRUE,FALSE,TRUE,FALSE,free,FALSE,TRUE,TRUE,TRUE,TRUE,FALSE,FALSE,TRUE,FALSE,FALSE,FALSE,FALSE,FALSE,FALSE,FALSE,TRUE,TRUE,TRUE,FALSE,TRUE,FALSE,TRUE,FALSE,TRUE,FALSE,FALSE,FALSE,FALSE,FALSE,FALSE,TRUE,FALSE,FALSE,FALSE,FALSE
79,kwqXOtLCbNjgvwuMj4H1AQ,4.5,TRUE,TRUE,loud,beer_and_wine,TRUE,TRUE,FALSE,casual,TRUE,FALSE,TRUE,TRUE,no,FALSE,TRUE,TRUE,TRUE,TRUE,TRUE,FALSE,FALSE,TRUE,FALSE,FALSE,FALSE,TRUE,FALSE,FALSE,TRUE,FALSE,TRUE,TRUE,TRUE,TRUE,FALSE,FALSE,FALSE,FALSE,TRUE,FALSE,FALSE,FALSE,TRUE,TRUE,FALSE,FALSE,FALSE,TRUE
80,FpNhzu3w0XgyedhOLDuK8g,4.5,TRUE,TRUE,average,full_bar,TRUE,TRUE,FALSE,casual,TRUE,TRUE,TRUE,FALSE,free,TRUE,TRUE,TRUE,TRUE,TRUE,FALSE,TRUE,TRUE,FALSE,FALSE,FALSE,FALSE,FALSE,TRUE,FALSE,FALSE,FALSE,TRUE,FALSE,FALSE,TRUE,TRUE,FALSE,TRUE,FALSE,FALSE,FALSE,TRUE,FALSE,TRUE,TRUE,FALSE,FALSE,FALSE,TRUE
81,OrU9wTeHJSLMwyGqYg4FAA,4,TRUE,TRUE,average,full_bar,TRUE,TRUE,FALSE,casual,TRUE,TRUE,FALSE,FALSE,free,TRUE,FALSE,TRUE,TRUE,TRUE,TRUE,TRUE,TRUE,FALSE,FALSE,FALSE,FALSE,FALSE,TRUE,FALSE,FALSE,TRUE,FALSE,FALSE,TRUE,TRUE,TRUE,FALSE,FALSE,FALSE,FALSE,FALSE,TRUE,FALSE,FALSE,FALSE,FALSE,TRUE,FALSE,TRUE
82,_P-0kP5DboEd5p0OqDorFA,4.5,TRUE,FALSE,quiet,beer_and_wine,TRUE,TRUE,TRUE,casual,TRUE,TRUE,FALSE,FALSE,free,TRUE,FALSE,TRUE,FALSE,TRUE,FALSE,FALSE,TRUE,FALSE,FALSE,FALSE,FALSE,FALSE,FALSE,FALSE,FALSE,FALSE,FALSE,FALSE,TRUE,FALSE,FALSE,FALSE,TRUE,TRUE,TRUE,TRUE,FALSE,TRUE,FALSE,FALSE,FALSE,TRUE,FALSE,TRUE
83,iBTc6XKgW5HESEZIii-G4g,4.5,TRUE,TRUE,average,full_bar,TRUE,TRUE,FALSE,casual,TRUE,TRUE,FALSE,TRUE,no,TRUE,FALSE,FALSE,TRUE,TRUE,TRUE,TRUE,TRUE,FALSE,FALSE,FALSE,FALSE,FALSE,FALSE,FALSE,TRUE,TRUE,TRUE,TRUE,TRUE,FALSE,FALSE,TRUE,TRUE,FALSE,TRUE,FALSE,TRUE,TRUE,FALSE,TRUE,FALSE,TRUE,FALSE,TRUE
84,8Vo6LN9gqULhXzoxj5k6kQ,4.5,TRUE,TRUE,loud,full_bar,TRUE,TRUE,FALSE,casual,TRUE,TRUE,TRUE,FALSE,no,FALSE,FALSE,TRUE,TRUE,TRUE,TRUE,FALSE,FALSE,FALSE,FALSE,FALSE,FALSE,FALSE,TRUE,FALSE,TRUE,TRUE,FALSE,FALSE,TRUE,FALSE,FALSE,FALSE,FALSE,FALSE,FALSE,FALSE,FALSE,FALSE,FALSE,FALSE,FALSE,TRUE,FALSE,FALSE
85,s-iUpeKVCuPd5m4OJ3HixQ,4,TRUE,TRUE,average,beer_and_wine,TRUE,TRUE,FALSE,casual,TRUE,FALSE,FALSE,FALSE,free,TRUE,FALSE,FALSE,TRUE,FALSE,TRUE,FALSE,TRUE,FALSE,FALSE,FALSE,FALSE,FALSE,FALSE,FALSE,FALSE,FALSE,FALSE,TRUE,FALSE,FALSE,FALSE,FALSE,FALSE,FALSE,FALSE,FALSE,FALSE,FALSE,FALSE,TRUE,FALSE,FALSE,FALSE,TRUE
86,Sp4HOjXy-LYV_4yy10L3jg,4.5,TRUE,FALSE,average,beer_and_wine,TRUE,TRUE,TRUE,casual,TRUE,TRUE,TRUE,FALSE,free,TRUE,FALSE,TRUE,TRUE,FALSE,FALSE,FALSE,FALSE,FALSE,FALSE,FALSE,FALSE,FALSE,FALSE,FALSE,FALSE,FALSE,FALSE,TRUE,FALSE,FALSE,TRUE,TRUE,FALSE,FALSE,TRUE,TRUE,TRUE,FALSE,FALSE,TRUE,FALSE,FALSE,FALSE,TRUE
87,4IqrY1mXK65HgrrgkpE-cw,4.5,TRUE,FALSE,average,beer_and_wine,TRUE,TRUE,TRUE,casual,TRUE,TRUE,TRUE,TRUE,no,TRUE,TRUE,TRUE,TRUE,TRUE,TRUE,FALSE,FALSE,FALSE,FALSE,FALSE,FALSE,FALSE,FALSE,FALSE,TRUE,FALSE,FALSE,FALSE,FALSE,FALSE,FALSE,FALSE,FALSE,FALSE,FALSE,FALSE,FALSE,FALSE,TRUE,TRUE,FALSE,FALSE,FALSE,TRUE
88,5uNCvNy9L6peKeKP1RRPyg,3.5,TRUE,TRUE,loud,beer_and_wine,FALSE,TRUE,FALSE,casual,TRUE,TRUE,FALSE,FALSE,free,TRUE,FALSE,TRUE,TRUE,TRUE,FALSE,TRUE,TRUE,TRUE,FALSE,FALSE,TRUE,FALSE,FALSE,FALSE,FALSE,TRUE,FALSE,FALSE,TRUE,FALSE,FALSE,FALSE,FALSE,FALSE,FALSE,FALSE,TRUE,FALSE,TRUE,TRUE,FALSE,FALSE,FALSE,TRUE
89,VJKpVv_l1g943WK6fxwZKQ,3.5,FALSE,FALSE,loud,beer_and_wine,TRUE,TRUE,FALSE,casual,TRUE,FALSE,FALSE,FALSE,no,TRUE,TRUE,TRUE,FALSE,FALSE,FALSE,FALSE,FALSE,FALSE,FALSE,FALSE,FALSE,FALSE,FALSE,FALSE,FALSE,FALSE,FALSE,TRUE,TRUE,FALSE,TRUE,FALSE,TRUE,TRUE,FALSE,TRUE,FALSE,TRUE,FALSE,TRUE,FALSE,FALSE,FALSE,TRUE
90,V0RzUzlEUc279ZQ6eJ5nzw,2,FALSE,FALSE,average,full_bar,TRUE,TRUE,TRUE,casual,TRUE,FALSE,TRUE,FALSE,free,TRUE,FALSE,FALSE,TRUE,TRUE,TRUE,TRUE,TRUE,FALSE,FALSE,TRUE,FALSE,TRUE,TRUE,TRUE,TRUE,TRUE,FALSE,TRUE,TRUE,FALSE,FALSE,FALSE,FALSE,FALSE,FALSE,FALSE,FALSE,FALSE,FALSE,TRUE,FALSE,FALSE,TRUE,FALSE
91,SeneXbKmhHhPtzyTDPDnvA,4,FALSE,TRUE,average,full_bar,TRUE,TRUE,FALSE,casual,TRUE,FALSE,FALSE,FALSE,no,FALSE,FALSE,FALSE,TRUE,TRUE,TRUE,FALSE,TRUE,FALSE,FALSE,FALSE,TRUE,FALSE,FALSE,FALSE,FALSE,FALSE,TRUE,TRUE,TRUE,FALSE,TRUE,FALSE,FALSE,TRUE,FALSE,FALSE,FALSE,FALSE,FALSE,FALSE,FALSE,TRUE,FALSE,FALSE
92,kwtKZ3fzM5jlR8Z7KIA17g,5,TRUE,FALSE,loud,full_bar,FALSE,TRUE,TRUE,casual,TRUE,TRUE,FALSE,TRUE,free,FALSE,FALSE,TRUE,TRUE,TRUE,TRUE,FALSE,TRUE,TRUE,TRUE,FALSE,FALSE,TRUE,TRUE,TRUE,FALSE,TRUE,FALSE,FALSE,FALSE,FALSE,FALSE,FALSE,FALSE,FALSE,FALSE,FALSE,TRUE,FALSE,FALSE,FALSE,TRUE,TRUE,FALSE,FALSE
93,x2ly0NsSTMmMpljpdIZdYA,4.5,TRUE,FALSE,average,beer_and_wine,TRUE,TRUE,FALSE,casual,TRUE,FALSE,TRUE,FALSE,free,FALSE,TRUE,TRUE,TRUE,TRUE,TRUE,FALSE,FALSE,FALSE,FALSE,TRUE,FALSE,FALSE,FALSE,FALSE,TRUE,FALSE,FALSE,FALSE,TRUE,FALSE,FALSE,FALSE,FALSE,FALSE,FALSE,FALSE,FALSE,FALSE,FALSE,TRUE,FALSE,FALSE,FALSE,FALSE
94,c-W17u2jiFOD2H_d6uo-bQ,4.5,TRUE,FALSE,average,full_bar,FALSE,TRUE,FALSE,casual,TRUE,FALSE,TRUE,TRUE,no,TRUE,FALSE,FALSE,FALSE,FALSE,TRUE,TRUE,TRUE,FALSE,FALSE,FALSE,FALSE,FALSE,FALSE,FALSE,FALSE,TRUE,TRUE,FALSE,FALSE,FALSE,TRUE,FALSE,FALSE,FALSE,FALSE,TRUE,FALSE,FALSE,FALSE,TRUE,FALSE,FALSE,FALSE,TRUE
95,j_m8zce-jSRQn5JmC633GQ,4.5,TRUE,TRUE,average,full_bar,TRUE,TRUE,TRUE,casual,TRUE,FALSE,TRUE,TRUE,free,TRUE,FALSE,TRUE,FALSE,FALSE,FALSE,FALSE,TRUE,FALSE,TRUE,TRUE,FALSE,TRUE,TRUE,FALSE,TRUE,TRUE,FALSE,FALSE,FALSE,TRUE,FALSE,FALSE,FALSE,FALSE,FALSE,FALSE,TRUE,FALSE,FALSE,TRUE,FALSE,FALSE,FALSE,TRUE
96,wK2IixmZUOEFGz1QZqR99Q,4,TRUE,TRUE,average,full_bar,TRUE,TRUE,TRUE,casual,TRUE,FALSE,TRUE,FALSE,paid,TRUE,FALSE,TRUE,TRUE,TRUE,TRUE,TRUE,TRUE,TRUE,FALSE,TRUE,FALSE,TRUE,TRUE,TRUE,TRUE,TRUE,TRUE,FALSE,TRUE,FALSE,FALSE,TRUE,FALSE,FALSE,FALSE,FALSE,FALSE,FALSE,FALSE,TRUE,FALSE,FALSE,FALSE,FALSE
97,e76uCbhmK8oqAtYAkxB2Qg,4.5,TRUE,TRUE,average,beer_and_wine,TRUE,TRUE,TRUE,casual,TRUE,TRUE,TRUE,TRUE,free,TRUE,TRUE,TRUE,TRUE,TRUE,FALSE,FALSE,TRUE,FALSE,FALSE,FALSE,FALSE,FALSE,FALSE,FALSE,TRUE,TRUE,FALSE,FALSE,FALSE,FALSE,FALSE,TRUE,TRUE,TRUE,FALSE,TRUE,FALSE,TRUE,FALSE,TRUE,FALSE,TRUE,FALSE,FALSE
98,DcRfabRzYkddMEUFyPMBgw,3,TRUE,FALSE,average,full_bar,TRUE,TRUE,TRUE,casual,TRUE,TRUE,TRUE,TRUE,free,FALSE,FALSE,FALSE,TRUE,TRUE,FALSE,TRUE,TRUE,FALSE,FALSE,FALSE,FALSE,FALSE,FALSE,FALSE,FALSE,TRUE,FALSE,FALSE,FALSE,FALSE,FALSE,FALSE,FALSE,TRUE,TRUE,TRUE,FALSE,FALSE,FALSE,FALSE,FALSE,TRUE,FALSE,FALSE
99,4FdsX3MbkcdBRAr1aymF6A,4.5,TRUE,FALSE,loud,beer_and_wine,FALSE,TRUE,FALSE,casual,TRUE,FALSE,FALSE,FALSE,no,TRUE,FALSE,FALSE,FALSE,TRUE,FALSE,TRUE,TRUE,FALSE,FALSE,TRUE,FALSE,FALSE,TRUE,FALSE,FALSE,TRUE,FALSE,TRUE,FALSE,FALSE,FALSE,TRUE,FALSE,FALSE,TRUE,FALSE,FALSE,TRUE,FALSE,TRUE,FALSE,FALSE,FALSE,FALSE
100,ZKi4F9BlA46rLvLyeIE3VA,3.5,TRUE,TRUE,average,beer_and_wine,TRUE,TRUE,TRUE,casual,FALSE,FALSE,FALSE,FALSE,paid,TRUE,FALSE,TRUE,TRUE,FALSE,FALSE,FALSE,TRUE,FALSE,TRUE,TRUE,FALSE,FALSE,TRUE,FALSE,FALSE,TRUE,TRUE,FALSE,TRUE,FALSE,TRUE,FALSE,TRUE,FALSE,FALSE,FALSE,TRUE,FALSE,FALSE,FALSE,TRUE,FALSE,TRUE,TRUE
101,RNzhLU8zy1L5dBkjRK4xEA,3.5,TRUE,FALSE,average,beer_and_wine,TRUE,TRUE,FALSE,casual,TRUE,FALSE,FALSE,TRUE,free,TRUE,TRUE,FALSE,TRUE,TRUE,FALSE,FALSE,FALSE,FALSE,FALSE,TRUE,FALSE,FALSE,TRUE,FALSE,TRUE,TRUE,TRUE,TRUE,TRUE,TRUE,TRUE,FALSE,TRUE,FALSE,TRUE,TRUE,FALSE,TRUE,TRUE,FALSE,TRUE,TRUE,FALSE,FALSE
102,ixROUxJqrczeYUT0z0MCHg,5,FALSE,TRUE,average,full_bar,TRUE,TRUE,TRUE,casual,TRUE,FALSE,FALSE,FALSE,no,TRUE,FALSE,FALSE,TRUE,TRUE,FALSE,FALSE,TRUE,FALSE,FALSE,FALSE,FALSE,FALSE,TRUE,FALSE,FALSE,TRUE,FALSE,TRUE,FALSE,TRUE,TRUE,FALSE,TRUE,TRUE,TRUE,FALSE,TRUE,FALSE,FALSE,TRUE,FALSE,FALSE,FALSE,TRUE
103,64Rl3pT4Md4-8ckeaNVZCQ,3.5,FALSE,FALSE,average,full_bar,TRUE,TRUE,FALSE,casual,TRUE,FALSE,FALSE,TRUE,free,TRUE,FALSE,FALSE,TRUE,FALSE,TRUE,FALSE,TRUE,FALSE,TRUE,FALSE,FALSE,FALSE,FALSE,FALSE,FALSE,FALSE,TRUE,TRUE,FALSE,TRUE,TRUE,FALSE,TRUE,FALSE,TRUE,FALSE,TRUE,TRUE,FALSE,TRUE,FALSE,TRUE,FALSE,TRUE
104,POSwCH5XrPTMRILJaNAjAQ,5,FALSE,FALSE,average,beer_and_wine,FALSE,TRUE,TRUE,casual,TRUE,FALSE,FALSE,TRUE,no,FALSE,FALSE,FALSE,TRUE,TRUE,TRUE,TRUE,FALSE,FALSE,FALSE,FALSE,FALSE,TRUE,FALSE,TRUE,TRUE,TRUE,TRUE,FALSE,FALSE,FALSE,FALSE,FALSE,TRUE,FALSE,FALSE,TRUE,FALSE,TRUE,FALSE,FALSE,TRUE,TRUE,FALSE,FALSE
105,AV3XPH1iv8PKSO6mrnYgLg,4.5,FALSE,FALSE,average,full_bar,TRUE,TRUE,TRUE,casual,FALSE,FALSE,TRUE,TRUE,paid,TRUE,FALSE,FALSE,FALSE,FALSE,FALSE,FALSE,FALSE,FALSE,FALSE,FALSE,FALSE,FALSE,FALSE,FALSE,FALSE,FALSE,FALSE,TRUE,TRUE,FALSE,FALSE,TRUE,FALSE,FALSE,FALSE,TRUE,FALSE,FALSE,FALSE,FALSE,FALSE,TRUE,FALSE,FALSE
106,IQFb8aeU7QW-BxpFhGMnlg,4,FALSE,TRUE,average,full_bar,TRUE,TRUE,TRUE,casual,TRUE,TRUE,FALSE,TRUE,paid,TRUE,FALSE,TRUE,FALSE,TRUE,FALSE,TRUE,FALSE,FALSE,FALSE,FALSE,TRUE,FALSE,FALSE,FALSE,FALSE,FALSE,TRUE,TRUE,FALSE,FALSE,FALSE,FALSE,TRUE,TRUE,TRUE,FALSE,FALSE,TRUE,FALSE,TRUE,FALSE,FALSE,FALSE,TRUE
107,EZc2myE2mYk2h9JK9qu8gw,4.5,FALSE,FALSE,average,full_bar,TRUE,TRUE,FALSE,casual,TRUE,FALSE,TRUE,TRUE,free,TRUE,FALSE,FALSE,TRUE,TRUE,TRUE,TRUE,TRUE,FALSE,FALSE,FALSE,FALSE,FALSE,TRUE,FALSE,FALSE,FALSE,FALSE,TRUE,FALSE,FALSE,FALSE,FALSE,FALSE,FALSE,FALSE,TRUE,FALSE,FALSE,FALSE,TRUE,FALSE,TRUE,TRUE,TRUE
108,VfH9vj-kkAiAwvKYCKzQ0g,3,FALSE,FALSE,average,full_bar,TRUE,TRUE,FALSE,dressy,TRUE,FALSE,TRUE,FALSE,free,FALSE,FALSE,FALSE,TRUE,TRUE,TRUE,FALSE,TRUE,FALSE,FALSE,FALSE,FALSE,FALSE,FALSE,FALSE,TRUE,FALSE,FALSE,FALSE,TRUE,TRUE,TRUE,FALSE,TRUE,TRUE,TRUE,TRUE,FALSE,FALSE,FALSE,FALSE,FALSE,FALSE,TRUE,FALSE
109,M2i4sAuljONUy-BSBonkzg,5,TRUE,TRUE,average,full_bar,TRUE,TRUE,TRUE,dressy,TRUE,TRUE,TRUE,FALSE,free,TRUE,FALSE,FALSE,TRUE,TRUE,TRUE,FALSE,TRUE,TRUE,TRUE,FALSE,FALSE,FALSE,TRUE,TRUE,TRUE,TRUE,FALSE,TRUE,TRUE,FALSE,FALSE,FALSE,TRUE,FALSE,FALSE,FALSE,FALSE,FALSE,TRUE,FALSE,FALSE,FALSE,FALSE,TRUE
110,tthy48ZIX_wfY8Dy0Dvg6w,4.5,FALSE,TRUE,average,full_bar,TRUE,FALSE,TRUE,dressy,FALSE,FALSE,FALSE,FALSE,no,FALSE,FALSE,FALSE,TRUE,TRUE,TRUE,FALSE,FALSE,TRUE,TRUE,FALSE,TRUE,FALSE,TRUE,TRUE,TRUE,TRUE,TRUE,FALSE,TRUE,TRUE,TRUE,FALSE,TRUE,FALSE,TRUE,TRUE,TRUE,FALSE,FALSE,FALSE,FALSE,TRUE,FALSE,FALSE
111,dutm97q2F4a6RV6YQ0uLHw,5,TRUE,FALSE,average,full_bar,TRUE,TRUE,TRUE,casual,TRUE,FALSE,TRUE,TRUE,no,FALSE,TRUE,TRUE,TRUE,TRUE,TRUE,FALSE,TRUE,FALSE,FALSE,FALSE,FALSE,FALSE,FALSE,FALSE,TRUE,FALSE,FALSE,FALSE,FALSE,FALSE,FALSE,FALSE,FALSE,FALSE,FALSE,FALSE,FALSE,FALSE,TRUE,TRUE,FALSE,FALSE,FALSE,TRUE
112,df_UStxBFDYNSd-ngoR1-w,4.5,TRUE,FALSE,average,full_bar,TRUE,FALSE,TRUE,dressy,TRUE,FALSE,FALSE,FALSE,paid,TRUE,TRUE,TRUE,FALSE,FALSE,TRUE,TRUE,TRUE,FALSE,FALSE,TRUE,FALSE,TRUE,TRUE,FALSE,FALSE,TRUE,FALSE,TRUE,FALSE,TRUE,TRUE,FALSE,TRUE,FALSE,FALSE,TRUE,TRUE,TRUE,FALSE,FALSE,FALSE,FALSE,FALSE,FALSE
113,vgDl4_ZjoLLIU2ZPL83GIg,4,TRUE,FALSE,average,beer_and_wine,TRUE,TRUE,TRUE,casual,TRUE,FALSE,TRUE,TRUE,no,TRUE,FALSE,TRUE,TRUE,TRUE,TRUE,FALSE,FALSE,FALSE,TRUE,FALSE,FALSE,TRUE,TRUE,TRUE,TRUE,TRUE,TRUE,TRUE,TRUE,TRUE,FALSE,FALSE,FALSE,FALSE,FALSE,FALSE,TRUE,FALSE,TRUE,TRUE,FALSE,FALSE,FALSE,FALSE
114,zkMqKD6IZPcU10g0a2APmg,4.5,FALSE,FALSE,average,full_bar,TRUE,TRUE,TRUE,casual,TRUE,FALSE,FALSE,FALSE,no,TRUE,FALSE,FALSE,TRUE,TRUE,TRUE,TRUE,TRUE,FALSE,FALSE,FALSE,FALSE,FALSE,TRUE,FALSE,TRUE,FALSE,FALSE,FALSE,FALSE,TRUE,FALSE,FALSE,FALSE,FALSE,FALSE,FALSE,FALSE,FALSE,TRUE,TRUE,FALSE,FALSE,FALSE,FALSE
115,LIqjZ2fGRbjjMy0ezyuKSQ,3.5,TRUE,TRUE,quiet,beer_and_wine,TRUE,TRUE,FALSE,casual,FALSE,TRUE,TRUE,FALSE,free,TRUE,FALSE,TRUE,TRUE,TRUE,TRUE,FALSE,FALSE,FALSE,FALSE,FALSE,FALSE,FALSE,FALSE,FALSE,FALSE,TRUE,TRUE,TRUE,TRUE,FALSE,TRUE,TRUE,TRUE,FALSE,TRUE,TRUE,TRUE,FALSE,FALSE,FALSE,FALSE,TRUE,FALSE,FALSE
116,ySRkAFddd1tCUzRDjbECdg,4,TRUE,FALSE,average,full_bar,TRUE,TRUE,FALSE,casual,TRUE,FALSE,TRUE,FALSE,free,TRUE,FALSE,FALSE,TRUE,TRUE,TRUE,TRUE,TRUE,FALSE,FALSE,FALSE,FALSE,TRUE,FALSE,FALSE,TRUE,FALSE,FALSE,FALSE,FALSE,FALSE,FALSE,FALSE,TRUE,FALSE,FALSE,FALSE,FALSE,FALSE,FALSE,TRUE,FALSE,FALSE,FALSE,TRUE
117,UA3HxLprLSOO9J6l1iR2Cg,3.5,TRUE,TRUE,average,full_bar,TRUE,TRUE,TRUE,dressy,TRUE,TRUE,TRUE,FALSE,free,TRUE,TRUE,TRUE,TRUE,TRUE,TRUE,FALSE,TRUE,TRUE,TRUE,TRUE,TRUE,TRUE,TRUE,TRUE,FALSE,FALSE,FALSE,TRUE,FALSE,FALSE,TRUE,FALSE,TRUE,TRUE,TRUE,TRUE,TRUE,TRUE,FALSE,TRUE,FALSE,FALSE,FALSE,TRUE
118,b5hxsRw76UUXcotxlCipuQ,3.5,TRUE,TRUE,average,full_bar,TRUE,TRUE,TRUE,casual,TRUE,FALSE,TRUE,FALSE,free,TRUE,FALSE,FALSE,TRUE,TRUE,TRUE,FALSE,TRUE,FALSE,TRUE,FALSE,FALSE,FALSE,TRUE,FALSE,TRUE,TRUE,FALSE,FALSE,FALSE,TRUE,FALSE,FALSE,TRUE,FALSE,FALSE,FALSE,FALSE,FALSE,FALSE,TRUE,FALSE,TRUE,FALSE,TRUE
119,eX7o_-s5TmDT-DMfTV4cmw,4,TRUE,TRUE,average,full_bar,TRUE,TRUE,FALSE,casual,TRUE,TRUE,FALSE,TRUE,free,TRUE,FALSE,TRUE,FALSE,TRUE,TRUE,FALSE,FALSE,FALSE,FALSE,FALSE,FALSE,FALSE,FALSE,FALSE,TRUE,FALSE,TRUE,TRUE,TRUE,TRUE,FALSE,FALSE,FALSE,FALSE,FALSE,FALSE,FALSE,FALSE,TRUE,TRUE,FALSE,TRUE,FALSE,FALSE
120,DOfiulOub9hVPBCtiDl9Fw,4,TRUE,FALSE,average,beer_and_wine,TRUE,TRUE,TRUE,dressy,TRUE,TRUE,FALSE,FALSE,free,FALSE,FALSE,FALSE,TRUE,FALSE,FALSE,FALSE,TRUE,FALSE,FALSE,TRUE,FALSE,FALSE,TRUE,FALSE,FALSE,TRUE,FALSE,TRUE,TRUE,FALSE,TRUE,TRUE,TRUE,FALSE,FALSE,TRUE,FALSE,TRUE,FALSE,TRUE,FALSE,TRUE,FALSE,FALSE
121,w8AxfAjNq7wU5jHmpLSpNg,3.5,FALSE,TRUE,loud,full_bar,TRUE,TRUE,TRUE,casual,TRUE,FALSE,FALSE,FALSE,no,TRUE,FALSE,TRUE,TRUE,TRUE,FALSE,FALSE,TRUE,FALSE,FALSE,FALSE,FALSE,TRUE,FALSE,FALSE,TRUE,FALSE,FALSE,FALSE,FALSE,FALSE,TRUE,FALSE,FALSE,FALSE,FALSE,FALSE,FALSE,FALSE,FALSE,TRUE,FALSE,TRUE,FALSE,TRUE
122,S8saWaZlToeNoloR2fMrAQ,4.5,FALSE,FALSE,average,beer_and_wine,TRUE,TRUE,TRUE,dressy,TRUE,FALSE,TRUE,FALSE,free,FALSE,FALSE,FALSE,TRUE,FALSE,FALSE,FALSE,FALSE,FALSE,FALSE,FALSE,FALSE,FALSE,TRUE,FALSE,FALSE,FALSE,TRUE,FALSE,FALSE,TRUE,TRUE,FALSE,FALSE,FALSE,FALSE,TRUE,TRUE,TRUE,TRUE,TRUE,FALSE,FALSE,FALSE,TRUE
123,HJ_rOClY2RPrdervYopKmQ,4,FALSE,TRUE,average,full_bar,TRUE,TRUE,TRUE,dressy,FALSE,TRUE,TRUE,TRUE,paid,FALSE,TRUE,TRUE,TRUE,FALSE,FALSE,FALSE,FALSE,FALSE,FALSE,FALSE,FALSE,FALSE,FALSE,FALSE,TRUE,FALSE,TRUE,FALSE,TRUE,TRUE,TRUE,FALSE,FALSE,FALSE,FALSE,FALSE,FALSE,FALSE,FALSE,FALSE,FALSE,FALSE,FALSE,TRUE
124,4kfbEcAMepvkjt3H7INYBg,4.5,TRUE,TRUE,average,full_bar,TRUE,TRUE,TRUE,casual,TRUE,FALSE,TRUE,FALSE,free,TRUE,TRUE,FALSE,TRUE,TRUE,TRUE,TRUE,TRUE,FALSE,FALSE,TRUE,FALSE,FALSE,FALSE,FALSE,TRUE,FALSE,FALSE,FALSE,TRUE,FALSE,FALSE,FALSE,TRUE,FALSE,TRUE,TRUE,TRUE,FALSE,FALSE,TRUE,FALSE,TRUE,FALSE,TRUE
125,oGDGlUbOjHxmmCh8ZYcDCg,4,TRUE,FALSE,loud,full_bar,TRUE,TRUE,FALSE,casual,TRUE,TRUE,FALSE,FALSE,free,FALSE,FALSE,TRUE,TRUE,FALSE,TRUE,FALSE,FALSE,FALSE,FALSE,FALSE,FALSE,FALSE,FALSE,FALSE,TRUE,TRUE,FALSE,FALSE,TRUE,FALSE,FALSE,TRUE,FALSE,FALSE,TRUE,FALSE,TRUE,TRUE,FALSE,FALSE,FALSE,TRUE,FALSE,TRUE
126,jMlE4wvspc0J-oN-SYUjQw,4.5,TRUE,FALSE,average,beer_and_wine,TRUE,TRUE,TRUE,casual,TRUE,FALSE,FALSE,FALSE,free,TRUE,FALSE,TRUE,TRUE,TRUE,FALSE,FALSE,TRUE,FALSE,FALSE,FALSE,FALSE,TRUE,FALSE,FALSE,TRUE,TRUE,FALSE,FALSE,FALSE,TRUE,TRUE,FALSE,TRUE,FALSE,FALSE,FALSE,TRUE,FALSE,FALSE,TRUE,FALSE,TRUE,FALSE,TRUE
127,kBqyg_L_Xn9jQTCHYODbRg,5,TRUE,TRUE,average,full_bar,TRUE,TRUE,FALSE,casual,TRUE,FALSE,FALSE,TRUE,free,TRUE,TRUE,FALSE,TRUE,TRUE,FALSE,FALSE,TRUE,TRUE,TRUE,TRUE,TRUE,TRUE,FALSE,TRUE,TRUE,TRUE,FALSE,FALSE,FALSE,FALSE,FALSE,FALSE,FALSE,FALSE,FALSE,FALSE,FALSE,FALSE,FALSE,FALSE,FALSE,FALSE,FALSE,TRUE
128,Y57sylYCgq2VQJuBCnjPfA,4,TRUE,FALSE,average,full_bar,FALSE,TRUE,FALSE,dressy,TRUE,TRUE,TRUE,FALSE,paid,FALSE,TRUE,FALSE,FALSE,TRUE,TRUE,FALSE,FALSE,FALSE,FALSE,FALSE,FALSE,FALSE,FALSE,FALSE,TRUE,FALSE,FALSE,FALSE,FALSE,FALSE,FALSE,FALSE,FALSE,FALSE,FALSE,FALSE,FALSE,FALSE,FALSE,FALSE,FALSE,FALSE,TRUE,TRUE
129,fqStx0SvwMFChX_HIdUeEQ,4,TRUE,FALSE,average,full_bar,TRUE,TRUE,FALSE,casual,TRUE,FALSE,FALSE,FALSE,free,TRUE,FALSE,TRUE,FALSE,TRUE,TRUE,FALSE,FALSE,FALSE,FALSE,FALSE,FALSE,TRUE,FALSE,FALSE,TRUE,TRUE,FALSE,FALSE,FALSE,TRUE,FALSE,FALSE,FALSE,FALSE,FALSE,FALSE,FALSE,FALSE,FALSE,TRUE,FALSE,TRUE,FALSE,TRUE
130,LuPK46HMxRYEVTXVbBCR1g,4,TRUE,FALSE,average,beer_and_wine,TRUE,TRUE,TRUE,dressy,TRUE,FALSE,TRUE,FALSE,free,FALSE,TRUE,FALSE,TRUE,TRUE,TRUE,FALSE,TRUE,FALSE,FALSE,FALSE,FALSE,FALSE,FALSE,FALSE,TRUE,TRUE,FALSE,FALSE,FALSE,FALSE,FALSE,FALSE,TRUE,FALSE,FALSE,FALSE,FALSE,FALSE,TRUE,TRUE,FALSE,FALSE,TRUE,TRUE
131,gLNf3zUydIKc_cvUll-6gw,5,TRUE,TRUE,average,full_bar,TRUE,TRUE,TRUE,casual,TRUE,FALSE,TRUE,FALSE,free,TRUE,TRUE,FALSE,TRUE,TRUE,TRUE,FALSE,TRUE,FALSE,FALSE,FALSE,FALSE,FALSE,TRUE,FALSE,FALSE,FALSE,FALSE,FALSE,FALSE,TRUE,FALSE,FALSE,TRUE,TRUE,FALSE,FALSE,FALSE,TRUE,TRUE,FALSE,FALSE,FALSE,FALSE,TRUE
132,7yR4oQcapZBKCkRLB3Isig,2.5,FALSE,FALSE,loud,full_bar,TRUE,TRUE,TRUE,casual,FALSE,FALSE,FALSE,FALSE,free,FALSE,FALSE,FALSE,TRUE,TRUE,TRUE,FALSE,FALSE,FALSE,FALSE,FALSE,FALSE,FALSE,FALSE,FALSE,FALSE,FALSE,FALSE,FALSE,FALSE,FALSE,FALSE,TRUE,FALSE,TRUE,TRUE,TRUE,FALSE,TRUE,FALSE,FALSE,FALSE,FALSE,TRUE,FALSE
133,EoLzj1yciIjEZS9ZEJe_kQ,3,TRUE,FALSE,average,beer_and_wine,TRUE,TRUE,TRUE,casual,TRUE,TRUE,FALSE,TRUE,no,TRUE,FALSE,FALSE,TRUE,TRUE,TRUE,TRUE,FALSE,FALSE,FALSE,FALSE,FALSE,FALSE,FALSE,FALSE,FALSE,TRUE,TRUE,TRUE,TRUE,FALSE,FALSE,TRUE,FALSE,TRUE,TRUE,TRUE,FALSE,TRUE,FALSE,TRUE,FALSE,FALSE,FALSE,TRUE
134,eHRzuUXA2jrR99ecioWU4g,3.5,TRUE,TRUE,loud,full_bar,TRUE,FALSE,TRUE,dressy,FALSE,FALSE,TRUE,TRUE,paid,TRUE,TRUE,TRUE,FALSE,TRUE,TRUE,TRUE,TRUE,FALSE,TRUE,FALSE,FALSE,FALSE,FALSE,FALSE,TRUE,TRUE,FALSE,TRUE,FALSE,FALSE,TRUE,FALSE,FALSE,FALSE,TRUE,TRUE,TRUE,FALSE,FALSE,TRUE,TRUE,FALSE,TRUE,FALSE
135,2YnQAJdeFrcgPa8MqIYcDg,3.5,TRUE,TRUE,loud,full_bar,TRUE,TRUE,FALSE,casual,TRUE,FALSE,FALSE,FALSE,free,TRUE,FALSE,FALSE,TRUE,TRUE,FALSE,FALSE,FALSE,FALSE,TRUE,FALSE,FALSE,FALSE,FALSE,FALSE,FALSE,TRUE,TRUE,TRUE,FALSE,TRUE,TRUE,FALSE,FALSE,TRUE,FALSE,FALSE,FALSE,FALSE,FALSE,TRUE,FALSE,FALSE,FALSE,FALSE
136,8Lbz0hfE4MWzd7yDu9atBA,5,TRUE,TRUE,average,beer_and_wine,TRUE,TRUE,TRUE,casual,FALSE,FALSE,TRUE,TRUE,free,TRUE,FALSE,TRUE,TRUE,TRUE,TRUE,FALSE,TRUE,FALSE,FALSE,FALSE,FALSE,FALSE,FALSE,FALSE,TRUE,FALSE,FALSE,TRUE,TRUE,TRUE,TRUE,FALSE,FALSE,FALSE,FALSE,FALSE,FALSE,FALSE,FALSE,FALSE,FALSE,TRUE,FALSE,TRUE
137,Bm-NlFiZWMCwmmz9B_rlCA,4,TRUE,FALSE,average,beer_and_wine,TRUE,TRUE,TRUE,casual,TRUE,TRUE,FALSE,FALSE,no,TRUE,FALSE,FALSE,TRUE,TRUE,TRUE,TRUE,FALSE,FALSE,TRUE,FALSE,FALSE,FALSE,TRUE,FALSE,FALSE,TRUE,FALSE,FALSE,TRUE,FALSE,FALSE,FALSE,FALSE,FALSE,FALSE,TRUE,FALSE,FALSE,TRUE,TRUE,FALSE,FALSE,FALSE,TRUE
138,Ss6f5v_t5Vddiaz4ZOxL0g,4,TRUE,FALSE,average,beer_and_wine,TRUE,TRUE,TRUE,casual,TRUE,FALSE,TRUE,FALSE,free,FALSE,FALSE,TRUE,TRUE,TRUE,TRUE,FALSE,TRUE,FALSE,FALSE,FALSE,FALSE,TRUE,FALSE,FALSE,TRUE,FALSE,FALSE,FALSE,FALSE,FALSE,FALSE,FALSE,FALSE,FALSE,FALSE,FALSE,TRUE,FALSE,FALSE,TRUE,FALSE,TRUE,FALSE,TRUE
139,-BdYhP-12elmFV7oB1iv4A,5,FALSE,FALSE,quiet,beer_and_wine,TRUE,TRUE,FALSE,dressy,TRUE,TRUE,FALSE,FALSE,free,FALSE,FALSE,TRUE,TRUE,TRUE,TRUE,FALSE,TRUE,FALSE,TRUE,FALSE,FALSE,FALSE,FALSE,FALSE,FALSE,FALSE,FALSE,FALSE,FALSE,TRUE,TRUE,TRUE,FALSE,FALSE,FALSE,TRUE,TRUE,TRUE,FALSE,TRUE,FALSE,FALSE,FALSE,FALSE
140,l6rgXoUfz4Wh_lAGxDiNaA,5,TRUE,TRUE,loud,full_bar,TRUE,TRUE,FALSE,casual,TRUE,FALSE,FALSE,FALSE,free,TRUE,FALSE,FALSE,TRUE,TRUE,TRUE,FALSE,TRUE,TRUE,FALSE,TRUE,FALSE,FALSE,FALSE,FALSE,TRUE,TRUE,FALSE,FALSE,FALSE,FALSE,FALSE,FALSE,FALSE,TRUE,FALSE,FALSE,TRUE,FALSE,FALSE,FALSE,TRUE,TRUE,TRUE,FALSE
141,QBNATcq7Stx9LxcSq16W7w,4.5,TRUE,FALSE,loud,full_bar,TRUE,TRUE,TRUE,dressy,FALSE,FALSE,TRUE,FALSE,free,TRUE,TRUE,TRUE,TRUE,FALSE,TRUE,FALSE,FALSE,FALSE,FALSE,FALSE,FALSE,FALSE,FALSE,FALSE,FALSE,TRUE,TRUE,TRUE,TRUE,FALSE,TRUE,FALSE,FALSE,FALSE,FALSE,FALSE,FALSE,FALSE,FALSE,FALSE,FALSE,FALSE,FALSE,TRUE
142,RzgQioExrGZDkY3vNuziOQ,4,FALSE,FALSE,loud,beer_and_wine,TRUE,TRUE,TRUE,dressy,TRUE,TRUE,TRUE,FALSE,no,TRUE,FALSE,FALSE,TRUE,TRUE,TRUE,FALSE,TRUE,FALSE,TRUE,FALSE,TRUE,TRUE,FALSE,TRUE,FALSE,FALSE,TRUE,FALSE,FALSE,TRUE,FALSE,FALSE,TRUE,TRUE,TRUE,TRUE,TRUE,FALSE,FALSE,TRUE,FALSE,FALSE,FALSE,TRUE
143,Y0izXh4Dv1_YU68tn43Xiw,4.5,TRUE,TRUE,average,beer_and_wine,TRUE,TRUE,TRUE,casual,TRUE,TRUE,TRUE,FALSE,free,TRUE,FALSE,TRUE,TRUE,TRUE,TRUE,FALSE,TRUE,FALSE,FALSE,FALSE,FALSE,TRUE,FALSE,FALSE,TRUE,FALSE,FALSE,FALSE,FALSE,FALSE,FALSE,FALSE,TRUE,FALSE,FALSE,FALSE,FALSE,FALSE,TRUE,FALSE,FALSE,FALSE,FALSE,TRUE
144,0CHIbqSkGWBr2KMkIUocEA,3.5,FALSE,FALSE,average,full_bar,TRUE,TRUE,FALSE,casual,TRUE,FALSE,FALSE,TRUE,no,TRUE,FALSE,FALSE,FALSE,FALSE,FALSE,FALSE,FALSE,FALSE,FALSE,FALSE,FALSE,TRUE,FALSE,FALSE,TRUE,FALSE,TRUE,FALSE,FALSE,FALSE,TRUE,FALSE,FALSE,FALSE,FALSE,TRUE,FALSE,TRUE,TRUE,TRUE,FALSE,FALSE,FALSE,FALSE
145,krTxH1a9kzWgwvt3PVH8pQ,4.5,TRUE,TRUE,average,beer_and_wine,TRUE,TRUE,FALSE,casual,TRUE,TRUE,TRUE,FALSE,free,TRUE,FALSE,TRUE,TRUE,TRUE,TRUE,TRUE,TRUE,FALSE,FALSE,FALSE,FALSE,FALSE,FALSE,FALSE,FALSE,TRUE,FALSE,FALSE,TRUE,FALSE,FALSE,TRUE,TRUE,FALSE,TRUE,TRUE,FALSE,TRUE,TRUE,TRUE,FALSE,FALSE,FALSE,FALSE
146,wMZAnrfwV-qHiV5zdTSrzw,4,TRUE,TRUE,loud,beer_and_wine,TRUE,TRUE,TRUE,casual,TRUE,TRUE,FALSE,FALSE,no,FALSE,FALSE,TRUE,TRUE,TRUE,FALSE,FALSE,FALSE,FALSE,FALSE,FALSE,FALSE,FALSE,FALSE,FALSE,FALSE,TRUE,FALSE,FALSE,TRUE,FALSE,FALSE,TRUE,FALSE,FALSE,FALSE,TRUE,TRUE,TRUE,FALSE,FALSE,FALSE,TRUE,FALSE,FALSE
147,fiQxkb1pfPpvrr0oYYYBcA,5,TRUE,FALSE,quiet,beer_and_wine,TRUE,TRUE,FALSE,casual,TRUE,FALSE,FALSE,FALSE,free,TRUE,FALSE,TRUE,TRUE,FALSE,FALSE,FALSE,TRUE,FALSE,FALSE,FALSE,FALSE,FALSE,FALSE,FALSE,FALSE,TRUE,TRUE,TRUE,FALSE,FALSE,FALSE,FALSE,TRUE,TRUE,TRUE,TRUE,FALSE,TRUE,FALSE,TRUE,TRUE,FALSE,TRUE,TRUE
148,xRapA2lG7mjJ6eOqHmxe-A,4,TRUE,TRUE,quiet,full_bar,TRUE,TRUE,TRUE,casual,TRUE,TRUE,TRUE,TRUE,no,TRUE,TRUE,FALSE,TRUE,FALSE,TRUE,FALSE,FALSE,TRUE,FALSE,FALSE,FALSE,FALSE,FALSE,FALSE,FALSE,FALSE,FALSE,FALSE,TRUE,TRUE,TRUE,FALSE,FALSE,FALSE,FALSE,FALSE,FALSE,FALSE,TRUE,FALSE,FALSE,FALSE,FALSE,TRUE
149,YiSr-W5BBX6uXnhWPxk82Q,4,TRUE,TRUE,average,full_bar,FALSE,TRUE,TRUE,dressy,TRUE,FALSE,TRUE,FALSE,free,TRUE,FALSE,FALSE,TRUE,TRUE,TRUE,FALSE,TRUE,FALSE,FALSE,TRUE,TRUE,FALSE,FALSE,TRUE,FALSE,FALSE,FALSE,FALSE,FALSE,TRUE,FALSE,TRUE,TRUE,TRUE,FALSE,FALSE,FALSE,FALSE,FALSE,TRUE,FALSE,FALSE,FALSE,TRUE
150,PgtqA056auCp5EbcZMbXPQ,3.5,TRUE,TRUE,average,full_bar,TRUE,TRUE,FALSE,casual,TRUE,TRUE,TRUE,FALSE,free,TRUE,FALSE,TRUE,TRUE,TRUE,TRUE,FALSE,FALSE,TRUE,FALSE,TRUE,FALSE,TRUE,TRUE,TRUE,TRUE,TRUE,TRUE,TRUE,TRUE,FALSE,TRUE,FALSE,FALSE,FALSE,FALSE,FALSE,TRUE,FALSE,FALSE,TRUE,FALSE,TRUE,TRUE,FALSE
151,cyaDjqjhtRbpd5Og5dFoZg,2.5,FALSE,TRUE,average,full_bar,TRUE,TRUE,TRUE,casual,TRUE,FALSE,TRUE,FALSE,free,TRUE,TRUE,FALSE,TRUE,TRUE,TRUE,TRUE,TRUE,FALSE,FALSE,FALSE,FALSE,TRUE,FALSE,FALSE,TRUE,FALSE,FALSE,FALSE,FALSE,FALSE,FALSE,FALSE,FALSE,FALSE,FALSE,FALSE,FALSE,FALSE,TRUE,TRUE,FALSE,FALSE,FALSE,FALSE
152,KSYONgGtrK0nKXfroB-bwg,4.5,TRUE,FALSE,loud,full_bar,TRUE,TRUE,TRUE,casual,TRUE,FALSE,FALSE,FALSE,free,TRUE,TRUE,TRUE,TRUE,TRUE,TRUE,FALSE,FALSE,FALSE,FALSE,FALSE,FALSE,FALSE,FALSE,FALSE,TRUE,FALSE,FALSE,TRUE,FALSE,FALSE,TRUE,FALSE,TRUE,FALSE,FALSE,FALSE,FALSE,FALSE,TRUE,TRUE,FALSE,FALSE,FALSE,TRUE
153,q-1ICFSqs2MwDGfe5tX-SQ,4,TRUE,TRUE,loud,full_bar,TRUE,TRUE,FALSE,casual,TRUE,TRUE,FALSE,FALSE,free,TRUE,FALSE,FALSE,TRUE,TRUE,TRUE,FALSE,TRUE,FALSE,TRUE,TRUE,FALSE,TRUE,TRUE,FALSE,FALSE,TRUE,TRUE,TRUE,TRUE,TRUE,FALSE,TRUE,FALSE,TRUE,FALSE,FALSE,TRUE,FALSE,FALSE,TRUE,FALSE,FALSE,FALSE,FALSE
154,j1yb8y-jFwpG_hW9AH3PrQ,5,TRUE,TRUE,average,full_bar,TRUE,TRUE,TRUE,casual,TRUE,TRUE,TRUE,TRUE,free,TRUE,FALSE,TRUE,TRUE,TRUE,TRUE,FALSE,TRUE,FALSE,FALSE,FALSE,FALSE,FALSE,FALSE,FALSE,TRUE,TRUE,FALSE,FALSE,TRUE,FALSE,FALSE,FALSE,FALSE,FALSE,FALSE,FALSE,FALSE,FALSE,FALSE,TRUE,FALSE,TRUE,FALSE,TRUE
155,yLqFm4epPkbkPpan9gmEjA,4,TRUE,TRUE,average,full_bar,TRUE,TRUE,TRUE,casual,TRUE,FALSE,TRUE,FALSE,free,TRUE,FALSE,TRUE,TRUE,TRUE,TRUE,TRUE,FALSE,FALSE,FALSE,TRUE,FALSE,FALSE,FALSE,FALSE,TRUE,FALSE,FALSE,FALSE,TRUE,FALSE,FALSE,FALSE,FALSE,FALSE,FALSE,FALSE,FALSE,FALSE,FALSE,FALSE,FALSE,TRUE,FALSE,FALSE
156,0it-2gWk_gyuZyEMQzBBuQ,4,FALSE,FALSE,quiet,full_bar,TRUE,FALSE,TRUE,dressy,FALSE,FALSE,TRUE,FALSE,free,FALSE,FALSE,TRUE,TRUE,TRUE,TRUE,FALSE,FALSE,FALSE,FALSE,FALSE,FALSE,FALSE,FALSE,FALSE,TRUE,FALSE,FALSE,TRUE,FALSE,TRUE,TRUE,FALSE,FALSE,TRUE,TRUE,FALSE,FALSE,TRUE,FALSE,TRUE,FALSE,FALSE,FALSE,TRUE
157,QLHgjBHBoeIUoEvIPvjHnw,4,TRUE,FALSE,average,beer_and_wine,TRUE,TRUE,TRUE,casual,TRUE,TRUE,TRUE,FALSE,free,FALSE,FALSE,TRUE,TRUE,TRUE,FALSE,FALSE,FALSE,FALSE,FALSE,FALSE,FALSE,FALSE,FALSE,FALSE,TRUE,TRUE,FALSE,FALSE,TRUE,FALSE,FALSE,FALSE,FALSE,FALSE,FALSE,FALSE,FALSE,FALSE,FALSE,TRUE,FALSE,FALSE,FALSE,FALSE
158,r2IhvKZQ_wLR5mLBnPOilg,4.5,FALSE,TRUE,average,beer_and_wine,TRUE,TRUE,TRUE,casual,TRUE,FALSE,FALSE,FALSE,no,TRUE,FALSE,FALSE,TRUE,FALSE,TRUE,FALSE,TRUE,FALSE,FALSE,FALSE,FALSE,FALSE,TRUE,FALSE,TRUE,TRUE,TRUE,TRUE,FALSE,FALSE,TRUE,FALSE,FALSE,FALSE,FALSE,FALSE,FALSE,FALSE,FALSE,TRUE,FALSE,FALSE,FALSE,TRUE
159,sz5SMsTOTAshdfsaK98-TA,4,TRUE,TRUE,loud,beer_and_wine,TRUE,TRUE,FALSE,casual,TRUE,TRUE,FALSE,TRUE,free,TRUE,FALSE,TRUE,TRUE,TRUE,FALSE,FALSE,TRUE,FALSE,FALSE,FALSE,FALSE,FALSE,TRUE,FALSE,FALSE,TRUE,TRUE,TRUE,FALSE,FALSE,FALSE,TRUE,TRUE,FALSE,FALSE,FALSE,FALSE,FALSE,FALSE,TRUE,FALSE,FALSE,FALSE,TRUE
160,gkqfm6mTim9Rwopwjayc8w,5,TRUE,TRUE,quiet,beer_and_wine,FALSE,TRUE,TRUE,casual,TRUE,FALSE,FALSE,TRUE,free,TRUE,FALSE,TRUE,TRUE,TRUE,TRUE,TRUE,TRUE,FALSE,FALSE,FALSE,FALSE,FALSE,FALSE,FALSE,FALSE,FALSE,FALSE,FALSE,FALSE,FALSE,FALSE,FALSE,FALSE,FALSE,FALSE,FALSE,FALSE,FALSE,FALSE,FALSE,FALSE,FALSE,FALSE,FALSE
161,Bo-GGwQNcLVwyKeYkbfAYg,5,TRUE,FALSE,average,beer_and_wine,FALSE,TRUE,FALSE,casual,TRUE,TRUE,FALSE,FALSE,no,FALSE,FALSE,TRUE,TRUE,TRUE,TRUE,FALSE,FALSE,FALSE,FALSE,FALSE,FALSE,FALSE,FALSE,FALSE,TRUE,TRUE,FALSE,TRUE,TRUE,FALSE,FALSE,FALSE,FALSE,FALSE,FALSE,FALSE,FALSE,FALSE,FALSE,FALSE,TRUE,FALSE,FALSE,TRUE